protocol,dataset,additional_prefix_drop,model,label,split,n_seeds,rmse_mean,rmse_sd,relative_error_mean,relative_error_sd,pooled_rmse_mean,pooled_rmse_sd,mean_target_mean,mean_target_sd,n_plants,n_observations
prefix_forecast_20260911,hypocotyl,0.0,logistic,Logistic ODE,train,1,0.4091968204333233,0.0,11.792575937145877,0.0,0.5091033182067283,0.0,3.4699528128063943,0.0,157,551
prefix_forecast_20260911,hypocotyl,0.0,logistic,Logistic ODE,val,1,0.7686270023084225,0.0,13.528202207789835,0.0,0.9504173378485884,0.0,5.6816640563358085,0.0,128,128
prefix_forecast_20260911,hypocotyl,0.0,logistic,Logistic ODE,test,1,1.708282054266807,0.0,22.88959832384996,0.0,1.9515977794198305,0.0,7.463136880330713,0.0,136,263
prefix_forecast_20260911,hypocotyl,0.0,rf,Random forest,train,3,0.027979397520041,0.0011746756309746,0.8063336601229499,0.0338527840101839,0.0459987930841739,0.0013739212235229,3.4699528128063943,0.0,157,551
prefix_forecast_20260911,hypocotyl,0.0,rf,Random forest,val,3,1.0183488945175048,0.0002419620326844,17.92342673590338,0.0042586472956739,1.3609718188420672,0.0008682556526949,5.6816640563358085,0.0,128,128
prefix_forecast_20260911,hypocotyl,0.0,rf,Random forest,test,3,2.608399550913709,0.0010761741039598,34.95044500373847,0.0144198628702091,2.893667930667436,0.0008652492665072,7.463136880330713,0.0,136,263
prefix_forecast_20260911,hypocotyl,0.0,lstm,LSTM-NN,train,3,0.295122664781607,0.0202887862876461,8.50509158777063,0.5846991985818144,0.3529719419691624,0.017268952205777,3.4699528128063943,0.0,157,551
prefix_forecast_20260911,hypocotyl,0.0,lstm,LSTM-NN,val,3,0.8712039783954778,0.0134476401757,15.333605960457476,0.236684887426671,1.1738970081801536,0.0505689089649144,5.6816640563358085,0.0,128,128
prefix_forecast_20260911,hypocotyl,0.0,lstm,LSTM-NN,test,3,2.0026801803440057,0.2877469907565333,26.83429518252734,3.8555770230464046,2.304454956604394,0.3216669821932069,7.463136880330713,0.0,136,263
prefix_forecast_20260911,hypocotyl,0.0,logistic_pinn,Logistic-PINN,train,3,0.3667985005473578,0.0163880791766,10.57070572238422,0.4722853612336535,0.4616671802975642,0.0198910093772727,3.4699528128063943,0.0,157,551
prefix_forecast_20260911,hypocotyl,0.0,logistic_pinn,Logistic-PINN,val,3,0.6158945100129737,0.0266273309280395,10.840037424003796,0.4686537370745554,0.83218975838033,0.0201676760001681,5.6816640563358085,0.0,128,128
prefix_forecast_20260911,hypocotyl,0.0,logistic_pinn,Logistic-PINN,test,3,1.3361903665982044,0.0829101881038865,17.903870557697633,1.1109294849247433,1.5450618635091573,0.1059090811007047,7.463136880330713,0.0,136,263
prefix_forecast_20260911,hypocotyl,0.0,latent_ode,Latent ODE,train,3,0.4000187967760449,0.0133094894438508,11.528075981313464,0.3835639895369785,0.4742839117700648,0.0120262052011918,3.4699528128063943,0.0,157,551
prefix_forecast_20260911,hypocotyl,0.0,latent_ode,Latent ODE,val,3,0.6266633177294086,0.0461890294823126,11.02957358118694,0.8129489710115076,0.8174972911357609,0.0425765732487388,5.6816640563358085,0.0,128,128
prefix_forecast_20260911,hypocotyl,0.0,latent_ode,Latent ODE,test,3,1.142920795065704,0.1546802488989662,15.314214564091683,2.0725902710779693,1.303074101227225,0.1818853395345064,7.463136880330713,0.0,136,263
prefix_forecast_20260911,hypocotyl,0.25,logistic,Logistic ODE,train,3,0.3302891178879564,0.0058123355417361,9.391503857597067,0.1105160712112006,0.4798274844331416,0.0074865372787826,3.51676109750427,0.0273966133690391,157,413
prefix_forecast_20260911,hypocotyl,0.25,logistic,Logistic ODE,val,3,0.7545729681994522,0.0709606819226455,13.280844493038572,1.2489418767954297,0.9482993942282456,0.094738458476785,5.681664058197794,3.225053538709015e-09,128,128
prefix_forecast_20260911,hypocotyl,0.25,logistic,Logistic ODE,test,3,1.661264797229407,0.0266288044164276,22.25960511156309,0.3568044575484804,1.905442257366081,0.0371826873740454,7.463136874666741,9.810285409334008e-09,136,263
prefix_forecast_20260911,hypocotyl,0.25,rf,Random forest,train,3,0.049892766174762,0.0074384555462483,1.4176971028847116,0.2001692341097674,0.0837118355660294,0.0073601771564078,3.51676109750427,0.0273966133690391,157,413
prefix_forecast_20260911,hypocotyl,0.25,rf,Random forest,val,3,1.2954025640456477,0.0222384966155657,22.799703586538488,0.3914081674140042,1.7923539313887762,0.0610907163412883,5.681664058197794,3.225053538709015e-09,128,128
prefix_forecast_20260911,hypocotyl,0.25,rf,Random forest,test,3,2.9148232304687745,0.0464849746110632,39.05627458513876,0.6228610327056046,3.2938695391167427,0.0525473673041681,7.463136874666741,9.810285409334008e-09,136,263
prefix_forecast_20260911,hypocotyl,0.25,lstm,LSTM-NN,train,3,0.2908803670597992,0.0310477020387591,8.27539449491278,0.9402104446571664,0.3696078340098714,0.0286228620937889,3.51676109750427,0.0273966133690391,157,413
prefix_forecast_20260911,hypocotyl,0.25,lstm,LSTM-NN,val,3,0.9309883596833872,0.1862558601348205,16.385839609698156,3.2781920688192265,1.3057536428666572,0.2976363740679423,5.681664058197794,3.225053538709015e-09,128,128
prefix_forecast_20260911,hypocotyl,0.25,lstm,LSTM-NN,test,3,1.7753542779179483,0.309149487653463,23.788311905311005,4.142353153186695,2.095551113121119,0.3725968587746281,7.463136874666741,9.810285409334008e-09,136,263
prefix_forecast_20260911,hypocotyl,0.25,logistic_pinn,Logistic-PINN,train,3,0.321184165262983,0.0086547504356241,9.13267329307098,0.2180838801049483,0.44881085881464,0.0097010288341079,3.51676109750427,0.0273966133690391,157,413
prefix_forecast_20260911,hypocotyl,0.25,logistic_pinn,Logistic-PINN,val,3,0.6727813892106836,0.0343812975272005,11.841273653406668,0.605127244542033,0.9041201347178046,0.0405226992415164,5.681664058197794,3.225053538709015e-09,128,128
prefix_forecast_20260911,hypocotyl,0.25,logistic_pinn,Logistic-PINN,test,3,1.2773062396445989,0.1664995425215792,17.114870877539072,2.230959231813834,1.487552977611439,0.2103659212979106,7.463136874666741,9.810285409334008e-09,136,263
prefix_forecast_20260911,hypocotyl,0.25,latent_ode,Latent ODE,train,3,0.3897228859643895,0.0208998776435411,11.079271832171072,0.5079128815401935,0.4962184016128461,0.0120770948207965,3.51676109750427,0.0273966133690391,157,413
prefix_forecast_20260911,hypocotyl,0.25,latent_ode,Latent ODE,val,3,0.6189417163344721,0.0573128965874692,10.89366970673675,1.0087343461644704,0.8428472298166639,0.0844493097928946,5.681664058197794,3.225053538709015e-09,128,128
prefix_forecast_20260911,hypocotyl,0.25,latent_ode,Latent ODE,test,3,1.2352829817642097,0.4090277821856182,16.551793197629934,5.480641558607661,1.4277351525891842,0.4882509957945249,7.463136874666741,9.810285409334008e-09,136,263
prefix_forecast_20260911,hypocotyl,0.5,logistic,Logistic ODE,train,3,0.1831118628828334,0.0122728343895211,5.307295155744449,0.4033131583117162,0.3718162783799366,0.0013887661098882,3.4517600045984627,0.032778059391486,157,275
prefix_forecast_20260911,hypocotyl,0.5,logistic,Logistic ODE,val,3,0.6658114046346894,0.0927917325632143,11.718598601840997,1.6331787949611791,0.891978304393611,0.1262829574850491,5.681664056064949,6.3959696298476445e-09,128,128
prefix_forecast_20260911,hypocotyl,0.5,logistic,Logistic ODE,test,3,1.7894278525390026,0.2253723819950173,23.976886417187075,3.019807713694638,2.0346979876843085,0.2637113295965794,7.463136878964584,7.215341441852081e-09,136,263
prefix_forecast_20260911,hypocotyl,0.5,rf,Random forest,train,3,0.0661524860338069,0.0056019064491389,1.915950985316221,0.1507906752125183,0.1220822965211411,0.0117636939487644,3.4517600045984627,0.032778059391486,157,275
prefix_forecast_20260911,hypocotyl,0.5,rf,Random forest,val,3,1.709236725145482,0.0700367039898101,30.08338240805827,1.232679415689345,2.41039341626,0.0837639182322877,5.681664056064949,6.3959696298476445e-09,128,128
prefix_forecast_20260911,hypocotyl,0.5,rf,Random forest,test,3,3.4146072736817352,0.0467504248151854,45.752976651582834,0.6264179327473155,3.9718458369075456,0.0560976274113725,7.463136878964584,7.215341441852081e-09,136,263
prefix_forecast_20260911,hypocotyl,0.5,lstm,LSTM-NN,train,3,0.2365841190405461,0.0261348322440831,6.858943769187813,0.819631952003961,0.3440975959393422,0.0230611235520012,3.4517600045984627,0.032778059391486,157,275
prefix_forecast_20260911,hypocotyl,0.5,lstm,LSTM-NN,val,3,1.2492131214371571,0.3381080756562657,21.98674735197936,5.950863549718889,1.6953095401494065,0.4785782366790189,5.681664056064949,6.3959696298476445e-09,128,128
prefix_forecast_20260911,hypocotyl,0.5,lstm,LSTM-NN,test,3,2.6403630865442103,0.4546759022016052,35.378730544014665,6.092289467695139,3.077068930641913,0.6179764451850761,7.463136878964584,7.215341441852081e-09,136,263
prefix_forecast_20260911,hypocotyl,0.5,logistic_pinn,Logistic-PINN,train,3,0.270176920181619,0.0589317579581912,7.838312646099321,1.7795120862299867,0.4330407798860341,0.0267678514946379,3.4517600045984627,0.032778059391486,157,275
prefix_forecast_20260911,hypocotyl,0.5,logistic_pinn,Logistic-PINN,val,3,0.7348022207284036,0.0089774286919816,12.93286990347844,0.1580070207691981,0.9705960565478328,0.0301507368173782,5.681664056064949,6.3959696298476445e-09,128,128
prefix_forecast_20260911,hypocotyl,0.5,logistic_pinn,Logistic-PINN,test,3,1.2481445248032277,0.1176834088490195,16.72412746968945,1.5768625431642551,1.4414059173597018,0.1264656071132191,7.463136878964584,7.215341441852081e-09,136,263
prefix_forecast_20260911,hypocotyl,0.5,latent_ode,Latent ODE,train,3,0.3399208235166982,0.0147253541298541,9.85039608060264,0.5030787878182065,0.463062336404127,0.0234482563642675,3.4517600045984627,0.032778059391486,157,275
prefix_forecast_20260911,hypocotyl,0.5,latent_ode,Latent ODE,val,3,0.757146547543273,0.2471136610131762,13.326140720503371,4.34931839854319,1.0746327653339154,0.4071064474899786,5.681664056064949,6.3959696298476445e-09,128,128
prefix_forecast_20260911,hypocotyl,0.5,latent_ode,Latent ODE,test,3,1.2922612803347917,0.3574855946297742,17.315256326160686,4.790017948030626,1.522903369524787,0.4346975595507193,7.463136878964584,7.215341441852081e-09,136,263
prefix_forecast_20260911,hypocotyl,0.0,phytoode,PhytoODE,train,3,0.4016706129724244,0.0322546255687986,11.575679400883992,0.929540754841332,0.4805387256942171,0.0326991143147044,3.4699528128063943,0.0,157,551
prefix_forecast_20260911,hypocotyl,0.0,phytoode,PhytoODE,val,3,0.5806628359690463,0.0049910532834554,10.219943140100485,0.0878449206775911,0.7816217063505424,0.0127384123147386,5.6816640563358085,0.0,128,128
prefix_forecast_20260911,hypocotyl,0.0,phytoode,PhytoODE,test,3,1.150074636613034,0.1494800278224387,15.410070256705126,2.002911513205622,1.3004546776657522,0.1694359049877001,7.463136880330713,0.0,136,263
prefix_forecast_20260911,hypocotyl,0.25,phytoode,PhytoODE,train,3,0.3892985211433152,0.0258324848215669,11.067834479452122,0.680340775713719,0.4960559587479785,0.0134438870365726,3.51676109750427,0.0273966133690391,157,413
prefix_forecast_20260911,hypocotyl,0.25,phytoode,PhytoODE,val,3,0.6166907039757353,0.0338923755449638,10.854050814477604,0.5965219950124507,0.8338217841319882,0.0628113993148988,5.681664058197794,3.225053538709015e-09,128,128
prefix_forecast_20260911,hypocotyl,0.25,phytoode,PhytoODE,test,3,1.3172819678138656,0.178766406878813,17.650513314567206,2.395325304355832,1.5004707190065067,0.2340285685216628,7.463136874666741,9.810285409334008e-09,136,263
prefix_forecast_20260911,hypocotyl,0.5,phytoode,PhytoODE,train,3,0.3364832157685802,0.0297705426551958,9.753475488598497,0.9462384635272448,0.4548462023531723,0.02469857451419,3.4517600045984627,0.032778059391486,157,275
prefix_forecast_20260911,hypocotyl,0.5,phytoode,PhytoODE,val,3,0.6767410374224031,0.0993999878446969,11.910965355861457,1.749487231580359,0.9241192766525682,0.144943310135658,5.681664056064949,6.3959696298476445e-09,128,128
prefix_forecast_20260911,hypocotyl,0.5,phytoode,PhytoODE,test,3,1.2243111264044015,0.16925052903156,16.404779201481855,2.267820259656977,1.4174205943645142,0.1736348386219379,7.463136878964584,7.215341441852081e-09,136,263
