epoch,data_loss,objective,val_rmse,selection_rmse,best_epoch,grad_norm,L_m,L_y
10,0.165298193693161,0.5050542950630188,139.5945632545513,139.5945632545513,10,10.760046005249023,0.3385494351387024,0.0012066782219335437
20,0.08672132343053818,0.11361640691757202,80.27563708996028,80.27563708996028,20,0.857835590839386,0.026483632624149323,0.00041144859278574586
30,0.08224043250083923,0.09024303406476974,120.53753905692994,120.53753905692994,20,0.5831174850463867,0.007877680473029613,0.0001249204797204584
40,0.06789612025022507,0.07715392857789993,71.64053866173596,71.64053866173596,40,0.7262431979179382,0.009045043960213661,0.00021276345069054514
50,0.060156695544719696,0.06926041096448898,79.89009065896244,79.89009065896244,40,0.49030014872550964,0.008899904787540436,0.00020380884234327823
60,0.058151137083768845,0.06686791032552719,75.70675419226885,75.70675419226885,40,0.2801220417022705,0.008512983098626137,0.00020379273337312043
70,0.05593696981668472,0.06470037996768951,72.46920153992058,72.46920153992058,40,0.04206223785877228,0.008559606969356537,0.00020380686328280717
80,0.05387759953737259,0.06356245279312134,65.77554520602465,65.77554520602465,80,0.13074174523353577,0.009441718459129333,0.0002431376778986305
90,0.05298580229282379,0.061348579823970795,61.63657707438826,61.63657707438826,90,0.07849498093128204,0.008143310435116291,0.00021946593187749386
100,0.05115564540028572,0.058225054293870926,58.67503469320357,58.67503469320357,100,0.04487890377640724,0.006889404263347387,0.00018000589625444263
110,0.04941464960575104,0.054960936307907104,57.248047646767795,57.248047646767795,110,0.03296738117933273,0.0053804232738912106,0.00016586451965849847
120,0.04737536609172821,0.05150990188121796,60.82692826606661,60.82692826606661,110,0.027509933337569237,0.003989443648606539,0.00014509343600366265
130,0.045435141772031784,0.048624828457832336,61.25323309562266,61.25323309562266,110,0.03686468303203583,0.003084338502958417,0.00010534974717302248
140,0.049213048070669174,0.05172150582075119,60.99168211884767,60.99168211884767,110,0.6567914485931396,0.00244467006996274,6.378717080224305e-05
150,0.044942036271095276,0.04772679880261421,69.05485974108429,69.05485974108429,110,0.43147778511047363,0.002692336915060878,9.242512896889821e-05
160,0.04429475590586662,0.04669903963804245,69.56194504496902,69.56194504496902,110,0.31600138545036316,0.002328908536583185,7.537494821008295e-05
170,0.0436713807284832,0.04596911743283272,66.55626890943826,66.55626890943826,110,0.30001136660575867,0.0022182988468557596,7.943889067973942e-05
180,0.04304898530244827,0.0452193059027195,67.66412193064839,67.66412193064839,110,0.10780634731054306,0.0020992509089410305,7.107116834959015e-05
190,0.04273155704140663,0.04485452175140381,69.53125406859667,69.53125406859667,110,0.05923779681324959,0.0020553108770400286,6.765354191884398e-05
200,0.042676594108343124,0.04469369351863861,72.51630664994092,72.51630664994092,110,0.14055828750133514,0.0019541855435818434,6.291399768088013e-05
210,0.044479887932538986,0.04756136238574982,69.85017306150377,69.85017306150377,110,0.736336886882782,0.0029612777289003134,0.00012019825226161629
220,0.04287828132510185,0.04512326046824455,71.05634798133016,71.05634798133016,110,0.43817541003227234,0.0021712803281843662,7.369873492280021e-05
230,0.04218790680170059,0.04419389367103577,72.22183618003785,72.22183618003785,110,0.20829133689403534,0.0019486044766381383,5.738161416957155e-05
240,0.04185470938682556,0.04375889524817467,71.71389074687899,71.71389074687899,110,0.11459090560674667,0.0018504672916606069,5.371942825149745e-05
250,0.041985251009464264,0.04412556812167168,73.80513217365414,73.80513217365414,110,0.36248278617858887,0.0020807075779885054,5.960988346487284e-05
260,0.04139431193470955,0.0432722270488739,74.50652849992186,74.50652849992186,110,0.13553264737129211,0.0018319068476557732,4.600907413987443e-05
270,0.04150993376970291,0.04375125467777252,75.99395266012698,75.99395266012698,110,0.40923741459846497,0.0021784717682749033,6.284937262535095e-05
280,0.04124501720070839,0.04345590993762016,78.91763632098824,78.91763632098824,110,0.41738370060920715,0.0021582054905593395,5.268696986604482e-05
290,0.04053455591201782,0.04266880080103874,79.50587351866096,79.50587351866096,110,0.2637161314487457,0.002089789602905512,4.445515151019208e-05
300,0.040232013911008835,0.04226883128285408,86.6775010837385,86.6775010837385,110,0.15493275225162506,0.0020031887106597424,3.3629850804572925e-05
310,0.04142826050519943,0.04362793639302254,78.85313314155937,78.85313314155937,110,0.5433506965637207,0.002154724905267358,4.4950615119887516e-05
320,0.04006234556436539,0.04228689521551132,83.68726817835689,83.68726817835689,110,0.264823317527771,0.0021879023406654596,3.664839096018113e-05
330,0.04018168896436691,0.04262751713395119,90.6854624043417,90.6854624043417,110,0.42842209339141846,0.0023915984202176332,5.423026595963165e-05
340,0.039945363998413086,0.042044200003147125,96.77806431115418,96.77806431115418,110,0.23591579496860504,0.002064879983663559,3.395436579012312e-05
350,0.04081078991293907,0.04365000128746033,96.402305108715,96.402305108715,110,0.6438045501708984,0.002764651086181402,7.455913873855025e-05
360,0.041031550616025925,0.04406585916876793,103.84993642882526,103.84993642882526,110,0.7258206605911255,0.002933790208771825,0.0001005171870929189
370,0.03977366164326668,0.041849590837955475,98.95962582784385,98.95962582784385,110,0.19781170785427094,0.002038040431216359,3.788867252296768e-05
380,0.03967123106122017,0.04191875457763672,103.48954226296485,103.48954226296485,110,0.2592521905899048,0.002210345584899187,3.71795249520801e-05
390,0.039533331990242004,0.04164736345410347,104.66931382052779,104.66931382052779,110,0.10395790636539459,0.002077775774523616,3.625504541560076e-05
400,0.03969179838895798,0.04196721315383911,104.65905743054688,104.65905743054688,110,0.29364338517189026,0.0022400126326829195,3.540223042364232e-05
410,0.039598047733306885,0.04177604615688324,104.22340195320011,104.22340195320011,110,0.22291387617588043,0.0021469511557370424,3.104734787484631e-05
420,0.03997010365128517,0.04242610186338425,102.00303687721163,102.00303687721163,110,0.45370811223983765,0.002407441148534417,4.8555586545262486e-05
430,0.03979233652353287,0.041975852102041245,101.41880058388979,101.41880058388979,110,0.28309622406959534,0.0021385822910815477,4.493262167670764e-05
440,0.03947294130921364,0.041636738926172256,100.65612656297118,100.65612656297118,110,0.15706036984920502,0.002124316291883588,3.948253652197309e-05
450,0.03977278992533684,0.042228370904922485,97.88660152610511,97.88660152610511,110,0.39819368720054626,0.00240952055901289,4.606212678481825e-05
460,0.039446745067834854,0.041587945073843,102.40827505568237,102.40827505568237,110,0.13209111988544464,0.002109252382069826,3.194662349415012e-05
470,0.0395580492913723,0.04181509464979172,97.70520547509581,97.70520547509581,110,0.28400760889053345,0.0022077588364481926,4.928820999339223e-05
480,0.03956282511353493,0.041651539504528046,102.68524971421391,102.68524971421391,110,0.1682763546705246,0.0020567760802805424,3.193841621396132e-05
490,0.03943408280611038,0.04156802222132683,97.99704342812956,97.99704342812956,110,0.13656768202781677,0.002100021578371525,3.391766585991718e-05
500,0.039402734488248825,0.04160939157009125,101.29839551777333,101.29839551777333,110,0.1921571046113968,0.002175054745748639,3.160302367177792e-05
510,0.039278771728277206,0.041452739387750626,98.01932207955569,98.01932207955569,110,0.05801963061094284,0.002138935960829258,3.50317895936314e-05
520,0.039560072124004364,0.041916489601135254,96.60244155209095,96.60244155209095,110,0.3432599902153015,0.0022983660455793142,5.8049710787599906e-05
530,0.03961755707859993,0.04195225238800049,100.08296117598832,100.08296117598832,110,0.3430192172527313,0.002277122111991048,5.757187318522483e-05
540,0.03940146043896675,0.0415402315557003,97.76934375119626,97.76934375119626,110,0.1473999172449112,0.0021039603743702173,3.480919258436188e-05
550,0.03989625349640846,0.04257439821958542,98.27606415175259,98.27606415175259,110,0.5213134288787842,0.002620610874146223,5.753188088419847e-05
560,0.039473842829465866,0.04173474758863449,94.90745255932421,94.90745255932421,110,0.26350632309913635,0.0022113583981990814,4.9545185902388766e-05
570,0.03928641602396965,0.041495680809020996,93.76114133375108,93.76114133375108,110,0.13642540574073792,0.00217933626845479,2.9927843570476398e-05
580,0.03921056538820267,0.041432593017816544,92.57420854836792,92.57420854836792,110,0.11054199188947678,0.0021920178551226854,3.000993274326902e-05
590,0.03937419503927231,0.041682761162519455,93.38044942024737,93.38044942024737,110,0.27491486072540283,0.0022571166045963764,5.145086834090762e-05
600,0.03957580029964447,0.041893236339092255,92.72759826892108,92.72759826892108,110,0.3362925052642822,0.0022608081344515085,5.6629578466527164e-05
610,0.03947243094444275,0.041731394827365875,88.1388151075691,88.1388151075691,110,0.26880893111228943,0.002217804081737995,4.116073250770569e-05
620,0.03980591520667076,0.04235463961958885,90.2832020976761,90.2832020976761,110,0.48154139518737793,0.0024732828605920076,7.544307300122455e-05
630,0.03921620175242424,0.041446756571531296,89.15650442600548,89.15650442600548,110,0.1304164081811905,0.0021982197649776936,3.233364623156376e-05
640,0.039297062903642654,0.04161374643445015,93.23306105622054,93.23306105622054,110,0.26333650946617126,0.002282131463289261,3.455107435001992e-05
650,0.03919906169176102,0.04148729145526886,91.34073755634964,91.34073755634964,110,0.19378189742565155,0.0022558572236448526,3.2372081477660686e-05
660,0.03946857526898384,0.04182647541165352,91.27197934346617,91.27197934346617,110,0.3453141152858734,0.0023016277700662613,5.6272383517352864e-05
670,0.03922075778245926,0.0414414145052433,91.36583117630929,91.36583117630929,110,0.1678086519241333,0.002190768253058195,2.9888373319408856e-05
680,0.03959760442376137,0.04209970310330391,88.05182476052642,88.05182476052642,110,0.4052745997905731,0.002459815237671137,4.2284282244509086e-05
690,0.039086755365133286,0.04131699725985527,88.52079069885313,88.52079069885313,110,0.06347986310720444,0.002199213718995452,3.102868140558712e-05
700,0.03952096030116081,0.041993871331214905,87.01013001598477,87.01013001598477,110,0.40868353843688965,0.0024069608189165592,6.595025479327887e-05
710,0.039114587008953094,0.04134374484419823,88.89746867574424,88.89746867574424,110,0.11013907939195633,0.0021920539438724518,3.710394594236277e-05
720,0.03906610608100891,0.04131040349602699,87.35111262799948,87.35111262799948,110,0.07990959286689758,0.0022147130221128464,2.958432014565915e-05
730,0.04012037068605423,0.043232519179582596,90.31116933134705,90.31116933134705,110,0.66496342420578,0.0030357828363776207,7.636593363713473e-05
740,0.039565980434417725,0.04209620878100395,88.27518469430387,88.27518469430387,110,0.42365163564682007,0.002460664138197899,6.956507422728464e-05
750,0.03926265239715576,0.04154539108276367,85.93440151993723,85.93440151993723,110,0.2152816504240036,0.0022525249514728785,3.021557495230809e-05
760,0.03915034607052803,0.04142732918262482,86.47750799524158,86.47750799524158,110,0.19852788746356964,0.0022464098874479532,3.0573635740438476e-05
770,0.03908313065767288,0.04138127714395523,87.13214456642478,87.13214456642478,110,0.17941832542419434,0.002267654752358794,3.0493094527628273e-05
780,0.03941027447581291,0.04201109707355499,87.27417667088092,87.27417667088092,110,0.42568302154541016,0.002552514895796776,4.8309022531611845e-05
790,0.03900877386331558,0.04125595465302467,87.13660159993618,87.13660159993618,110,0.062215857207775116,0.0022161798551678658,3.100154935964383e-05
800,0.03908466175198555,0.04138924553990364,84.8453866330567,84.8453866330567,110,0.19756193459033966,0.002260013250634074,4.457152317627333e-05
810,0.03932775929570198,0.04175440967082977,84.6946945906815,84.6946945906815,110,0.35554707050323486,0.0023681498132646084,5.85021152801346e-05
820,0.03930394724011421,0.04180825501680374,88.46551436072856,88.46551436072856,110,0.37320002913475037,0.002459967043250799,4.433911817613989e-05
830,0.03897792845964432,0.04125865921378136,83.96697961185157,83.96697961185157,110,0.0816773846745491,0.002247934229671955,3.2794810977065936e-05
840,0.03926190361380577,0.04171553626656532,83.75491864899337,83.75491864899337,110,0.34995847940444946,0.0023931064642965794,6.052551179891452e-05
850,0.03912368416786194,0.04140486195683479,85.52155901674747,85.52155901674747,110,0.20129263401031494,0.002238913904875517,4.226241071592085e-05
860,0.03894767537713051,0.041219085454940796,83.25373695967198,83.25373695967198,110,0.05644839257001877,0.0022408519871532917,3.0559589504264295e-05
870,0.03901486471295357,0.041381314396858215,83.95474883421868,83.95474883421868,110,0.206121027469635,0.0023345143999904394,3.193717930116691e-05
880,0.03939060494303703,0.04186002537608147,88.01293649152636,88.01293649152636,110,0.37871313095092773,0.002427732804790139,4.168726809439249e-05
890,0.03935457766056061,0.0417395643889904,79.88930872325868,79.88930872325868,110,0.35160645842552185,0.0023334675934165716,5.151758887222968e-05
900,0.03918445110321045,0.04153594747185707,86.7042823815921,86.7042823815921,110,0.28037863969802856,0.0023170234635472298,3.44735017279163e-05
910,0.03896375000476837,0.041274454444646835,80.79782678518922,80.79782678518922,110,0.1444578766822815,0.002272749552503228,3.795400698436424e-05
920,0.03911653533577919,0.04149414971470833,82.78951476461471,82.78951476461471,110,0.27342769503593445,0.0023254225961863995,5.2192557632224634e-05
930,0.039029769599437714,0.04139574617147446,81.16991088982076,81.16991088982076,110,0.23746924102306366,0.0023179948329925537,4.798203008249402e-05
940,0.03902377933263779,0.04137888178229332,82.28753159119695,82.28753159119695,110,0.23073914647102356,0.0023076008073985577,4.750136213260703e-05
950,0.03910421207547188,0.0415223054587841,81.4180451531455,81.4180451531455,110,0.2993868291378021,0.002363706473261118,5.438665903056972e-05
960,0.03894767537713051,0.04128653183579445,81.55015319029481,81.55015319029481,110,0.18207265436649323,0.0022961082868278027,4.274658203939907e-05
970,0.039141695946455,0.04159896820783615,81.01386258787483,81.01386258787483,110,0.33252227306365967,0.0023989020846784115,5.836846321471967e-05
980,0.03892175853252411,0.04126190021634102,81.4920097545898,81.4920097545898,110,0.1717008352279663,0.0022975883912295103,4.255188468960114e-05
990,0.03897909075021744,0.041351281106472015,80.49029798903346,80.49029798903346,110,0.2300260365009308,0.002325098728761077,4.709298082161695e-05
1000,0.03907304257154465,0.04150138422846794,80.80616743269593,80.80616743269593,110,0.3001544773578644,0.0023739465977996588,5.4395157349063084e-05
1010,0.038856830447912216,0.04114744812250137,82.1603497489813,82.1603497489813,110,0.05984210968017578,0.00225747749209404,3.314136483822949e-05
1020,0.038860611617565155,0.04116521403193474,81.46900129650682,81.46900129650682,110,0.09831038117408752,0.002268987474963069,3.561386984074488e-05
1030,0.03952869400382042,0.0422474630177021,78.81791997036696,78.81791997036696,110,0.5221691131591797,0.002638062695041299,8.07049946160987e-05
1040,0.03903190419077873,0.041509438306093216,81.62963043845058,81.62963043845058,110,0.2926599383354187,0.00244030449539423,3.722871042555198e-05
1050,0.03908517584204674,0.041363898664712906,84.06220634830713,84.06220634830713,110,0.20701098442077637,0.002248520962893963,3.0201819754438475e-05
1060,0.03884202986955643,0.04118067026138306,79.62605703632802,79.62605703632802,110,0.11243347823619843,0.0023089940659701824,2.9645465474459343e-05
1070,0.03902556374669075,0.04151078686118126,83.7139712826401,83.7139712826401,110,0.3149479925632477,0.0024470381904393435,3.818370896624401e-05
1080,0.038828760385513306,0.04120361804962158,80.96980702709914,80.96980702709914,110,0.16079141199588776,0.0023435980547219515,3.126060983049683e-05
1090,0.03893688693642616,0.04132784157991409,79.60175186820298,79.60175186820298,110,0.24127013981342316,0.002343400614336133,4.7554527554893866e-05
1100,0.03885901719331741,0.041213106364011765,80.03188818270743,80.03188818270743,110,0.17268946766853333,0.002311908407136798,4.218246613163501e-05
1110,0.038782961666584015,0.041113294661045074,79.87880472030491,79.87880472030491,110,0.08130662888288498,0.0022959555499255657,3.437910709180869e-05
1120,0.03904479369521141,0.041533444076776505,78.72230226605951,78.72230226605951,110,0.33527061343193054,0.0024295852053910494,5.9065932873636484e-05
1130,0.03878025710582733,0.04114125669002533,79.71093615697056,79.71093615697056,110,0.12581297755241394,0.0023223785683512688,3.862294397549704e-05
1140,0.03887443244457245,0.041320234537124634,82.12048406035156,82.12048406035156,110,0.24942536652088165,0.002410733373835683,3.5069275327259675e-05
1150,0.038771852850914,0.04117479547858238,80.84487325003177,80.84487325003177,110,0.16425438225269318,0.0023715905845165253,3.135159204248339e-05
1160,0.038730423897504807,0.04107395559549332,80.28498122162014,80.28498122162014,110,0.04998588562011719,0.0023137100506573915,2.9822929718648084e-05
1170,0.03880216181278229,0.041238993406295776,81.34624390714825,81.34624390714825,110,0.21515753865242004,0.002403777092695236,3.305644713691436e-05
1180,0.03883189335465431,0.041327472776174545,80.6895156579575,80.6895156579575,110,0.25960782170295715,0.0024595228023827076,3.605820165830664e-05
1190,0.03891347348690033,0.041339512914419174,78.3887806238848,78.3887806238848,110,0.2694189250469208,0.002376019023358822,5.0021360948449e-05
1200,0.03869857266545296,0.04105743020772934,79.38306400025547,79.38306400025547,110,0.0468522347509861,0.0023255725391209126,3.3285316021647304e-05
1210,0.03877818584442139,0.041207365691661835,81.08256867171139,81.08256867171139,110,0.20617108047008514,0.002396762603893876,3.241526792407967e-05
1220,0.038764506578445435,0.04122290760278702,80.36329208235115,80.36329208235115,110,0.21706430613994598,0.0024252012372016907,3.320106043247506e-05
1230,0.038681771606206894,0.04103614389896393,79.51750481225432,79.51750481225432,110,0.02458898536860943,0.002323831431567669,3.053890759474598e-05
1240,0.03868990018963814,0.04104403033852577,78.98286930707395,78.98286930707395,110,0.06512753665447235,0.002320611383765936,3.3517757401568815e-05
1250,0.0391547717154026,0.04179241880774498,77.0706846403277,77.0706846403277,110,0.4399124085903168,0.0025671138428151608,7.053306035231799e-05
1260,0.0386851541697979,0.04109329357743263,80.22594507598669,80.22594507598669,110,0.13582110404968262,0.00237691355869174,3.122734779026359e-05
1270,0.03870005905628204,0.041104964911937714,80.2139879758501,80.2139879758501,110,0.15059876441955566,0.0023741130717098713,3.0792743928031996e-05
1280,0.03869718313217163,0.04107615351676941,78.08445776411445,78.08445776411445,110,0.13064071536064148,0.0023412820883095264,3.7688412703573704e-05
1290,0.03878767788410187,0.04123085364699364,77.78128174337625,77.78128174337625,110,0.2410646378993988,0.0023947886656969786,4.8387315473519266e-05
1300,0.03865192085504532,0.04102050140500069,78.79916002960772,78.79916002960772,110,0.06900680065155029,0.002334173070266843,3.4407086786814034e-05
1310,0.03862236067652702,0.04099631682038307,78.90194547786624,78.90194547786624,110,0.01116856001317501,0.0023434425238519907,3.0512743251165375e-05
1320,0.03869812190532684,0.04118240624666214,80.34818769100696,80.34818769100696,110,0.22364266216754913,0.0024506286717951298,3.365506199770607e-05
1330,0.03866191953420639,0.041132111102342606,79.4363594345972,79.4363594345972,110,0.19276900589466095,0.002437783870846033,3.240842852392234e-05
1340,0.03874480724334717,0.04116971790790558,77.65103731965422,77.65103731965422,110,0.2205636203289032,0.002379871904850006,4.503843592829071e-05
1350,0.03859536722302437,0.04098568111658096,78.53010898620755,78.53010898620755,110,0.047993019223213196,0.002357061952352524,3.325004581711255e-05
1360,0.03861791640520096,0.04104069247841835,79.75546087916851,79.75546087916851,110,0.13651573657989502,0.0023926720023155212,3.0102695745881647e-05
1370,0.03867197036743164,0.04118560254573822,79.82855231907696,79.82855231907696,110,0.2392697036266327,0.0024794931523501873,3.4139942727051675e-05
1380,0.03857192397117615,0.04096119478344917,78.74452227230788,78.74452227230788,110,0.014063961803913116,0.002358129946514964,3.11413241433911e-05
1390,0.03862231597304344,0.04103369265794754,77.6845432645601,77.6845432645601,110,0.14577344059944153,0.0023720269091427326,3.9349957660306245e-05
1400,0.03869810327887535,0.041159071028232574,77.50665289195598,77.50665289195598,110,0.23525947332382202,0.0024136651773005724,4.73030777357053e-05
1410,0.03854513168334961,0.04094405099749565,78.77029356987745,78.77029356987745,110,0.019833620637655258,0.002367983339354396,3.093542545684613e-05
1420,0.03858751431107521,0.041061077266931534,79.67952189007222,79.67952189007222,110,0.1831228882074356,0.0024419077672064304,3.1653602491132915e-05
1430,0.03857620432972908,0.04106416180729866,79.43366827255011,79.43366827255011,110,0.18884482979774475,0.0024560329038649797,3.1923496862873435e-05
1440,0.03852531686425209,0.04092441499233246,78.32664279995979,78.32664279995979,110,0.023166479542851448,0.002367185428738594,3.191256109857932e-05
1450,0.03858894854784012,0.041027430444955826,77.37681898447842,77.37681898447842,110,0.1738446205854416,0.002396895783022046,4.158609954174608e-05
1460,0.03859137371182442,0.04103647544980049,77.58064355792374,77.58064355792374,110,0.1850876361131668,0.0024025507736951113,4.2550163925625384e-05
1470,0.03848819434642792,0.04090813919901848,78.74269775566579,78.74269775566579,110,0.04868503659963608,0.0023897544015198946,3.018914139829576e-05
1480,0.038516566157341,0.041000500321388245,79.38733206597179,79.38733206597179,110,0.17281131446361542,0.002452700398862362,3.123410351690836e-05
1490,0.038484882563352585,0.040955301374197006,79.01915763985902,79.01915763985902,110,0.1413566917181015,0.0024399631656706333,3.0454079023911618e-05
1500,0.03845980018377304,0.04087516665458679,78.04354297841549,78.04354297841549,110,0.03464783355593681,0.002383204409852624,3.216215191059746e-05
1510,0.03852005675435066,0.04097132757306099,77.21059900225282,77.21059900225282,110,0.17347989976406097,0.002409912645816803,4.135861308895983e-05
1520,0.03848743438720703,0.040930986404418945,77.54119490166933,77.54119490166933,110,0.1490478217601776,0.002404205733910203,3.934610867872834e-05
1530,0.03841105476021767,0.04085361585021019,78.64554876060515,78.64554876060515,110,0.06957810372114182,0.002412862377241254,2.9698083380935714e-05
1540,0.038422439247369766,0.040917426347732544,79.04156009777158,79.04156009777158,110,0.16167661547660828,0.0024642408825457096,3.0747298296773806e-05
1550,0.038377031683921814,0.04083922877907753,78.52023053181678,78.52023053181678,110,0.09437044709920883,0.0024324937257915735,2.970424793602433e-05
1560,0.038363825529813766,0.04079742357134819,77.67421519713969,77.67421519713969,110,0.04970262944698334,0.0024011856876313686,3.2413281587651e-05
1570,0.03842423856258392,0.04089405760169029,76.8756047145027,76.8756047145027,110,0.1836133450269699,0.0024280124343931675,4.180637915851548e-05
1580,0.038331758230924606,0.040777649730443954,77.51528676535159,77.51528676535159,110,0.0888659730553627,0.0024109045043587685,3.498747173580341e-05
1590,0.03828275203704834,0.04075136035680771,78.36106751931757,78.36106751931757,110,0.08616798371076584,0.002439425326883793,2.918196150858421e-05
1600,0.038271740078926086,0.04078405350446701,78.61176913820297,78.61176913820297,110,0.1543819010257721,0.0024820645339787006,3.024816032848321e-05
1610,0.03820929303765297,0.04068301245570183,77.92621352606714,77.92621352606714,110,0.06748559325933456,0.002444265177473426,2.9453402021317743e-05
1620,0.03818978741765022,0.04064643010497093,77.08827167753131,77.08827167753131,110,0.06718157231807709,0.0024238922633230686,3.2750253012636676e-05
1630,0.0382128469645977,0.04069948196411133,76.39465561151594,76.39465561151594,110,0.17326289415359497,0.00244647404178977,4.0162667573895305e-05
1640,0.038086745887994766,0.04055699706077576,77.06622109068543,77.06622109068543,110,0.0633355975151062,0.0024372057523578405,3.304608617327176e-05
1650,0.0380142517387867,0.0405188724398613,77.83920363063187,77.83920363063187,110,0.09281617403030396,0.002475675893947482,2.8946496968274005e-05
1660,0.03796100616455078,0.0405111238360405,77.98493689741909,77.98493689741909,110,0.15171906352043152,0.002519967034459114,3.015090260305442e-05
1670,0.03785257786512375,0.04036159813404083,77.10316755268782,77.10316755268782,110,0.03307175263762474,0.0024790766183286905,2.9943030313006602e-05
1680,0.037788309156894684,0.04030295088887215,76.24627027946681,76.24627027946681,110,0.07658683508634567,0.002480987925082445,3.365354859852232e-05
1690,0.03779420629143715,0.040351491421461105,75.54043646808029,75.54043646808029,110,0.1988208144903183,0.002515061292797327,4.222310599288903e-05
1700,0.03755945712327957,0.04012663662433624,76.89355013890386,76.89355013890386,110,0.01712113246321678,0.002534084254875779,3.309472231194377e-05
1710,0.03747037425637245,0.040100716054439545,77.43764706609964,77.43764706609964,110,0.11579246073961258,0.0025963475927710533,3.3993248507613316e-05
1720,0.03736506402492523,0.04001368582248688,77.06980496266097,77.06980496266097,110,0.08273592591285706,0.0026131891645491123,3.543124330462888e-05
1730,0.037286728620529175,0.03993872180581093,76.1655289019233,76.1655289019233,110,0.028376340866088867,0.0026139419060200453,3.804980588029139e-05
1740,0.03727105259895325,0.039956703782081604,75.22850276746004,75.22850276746004,110,0.13207054138183594,0.0026421945076435804,4.345777415437624e-05
1750,0.03723897784948349,0.039950158447027206,75.24745819214523,75.24745819214523,110,0.15572136640548706,0.0026656033005565405,4.55764566140715e-05
1760,0.037110552191734314,0.039864540100097656,76.9361786670202,76.9361786670202,110,0.08854282647371292,0.0027137838769704103,4.020373307866976e-05
1770,0.0370633527636528,0.03981552645564079,76.2386464063552,76.2386464063552,110,0.01825016550719738,0.0027113817632198334,4.079108839505352e-05
1780,0.0370495468378067,0.039808183908462524,75.62500281444133,75.62500281444133,110,0.06190813332796097,0.002715837908908725,4.279926361050457e-05
1790,0.03703547641634941,0.03980819880962372,75.36296964398235,75.36296964398235,110,0.09431062638759613,0.002728370949625969,4.435259324964136e-05
1800,0.0369710847735405,0.039760783314704895,76.19891104034275,76.19891104034275,110,0.007135898340493441,0.0027477212715893984,4.197831003693864e-05
1810,0.036947838962078094,0.03977419063448906,76.8312885084924,76.8312885084924,110,0.09217394143342972,0.002784658456221223,4.1691633668961003e-05
1820,0.03692629933357239,0.039768680930137634,76.85111709471344,76.85111709471344,110,0.10486605763435364,0.002800417598336935,4.1965467971749604e-05
1830,0.03691130876541138,0.03972240909934044,75.68249463705988,75.68249463705988,110,0.04499136656522751,0.002767871832475066,4.322820677771233e-05
1840,0.03690090775489807,0.039719827473163605,75.54976756747843,75.54976756747843,110,0.0743194967508316,0.002774982713162899,4.393807103042491e-05
1850,0.03686046972870827,0.03968934342265129,76.11008966052711,76.11008966052711,110,0.019169049337506294,0.00278621562756598,4.265633469913155e-05
1860,0.03683288022875786,0.03968281298875809,76.61351289886593,76.61351289886593,110,0.04843075945973396,0.0028081994969397783,4.173438355792314e-05
1870,0.03681674972176552,0.03968437761068344,76.8579785805139,76.8579785805139,110,0.07957758754491806,0.0028258454985916615,4.1780844185268506e-05
1880,0.03680548071861267,0.03965197131037712,75.95373510043055,75.95373510043055,110,0.020613858476281166,0.0028040087781846523,4.248177356203087e-05
1890,0.03679975867271423,0.03964877128601074,75.74745394564927,75.74745394564927,110,0.05544661357998848,0.0028059629257768393,4.304934191168286e-05
1900,0.036771439015865326,0.039628542959690094,76.14275502455145,76.14275502455145,110,0.018112050369381905,0.002814896870404482,4.2207029764540493e-05
1910,0.0367472767829895,0.03962066024541855,76.50539725556015,76.50539725556015,110,0.03601497411727905,0.0028319836128503084,4.13983034377452e-05
1920,0.03673209249973297,0.03961234912276268,76.54029765247107,76.54029765247107,110,0.04425712674856186,0.0028389813378453255,4.1276682168245316e-05
1930,0.036727264523506165,0.03959684073925018,75.92688864126832,75.92688864126832,110,0.019197840243577957,0.0028277765959501266,4.180150062893517e-05
1940,0.03671832010149956,0.039590202271938324,75.7465807841134,75.7465807841134,110,0.03738705441355705,0.002829836681485176,4.204640936222859e-05
1950,0.036693934351205826,0.03957606479525566,76.10593888516635,76.10593888516635,110,0.0032892494928091764,0.0028408137150108814,4.131719470024109e-05
1960,0.03667733073234558,0.03956896439194679,76.20697801035315,76.20697801035315,110,0.027129491791129112,0.002850695513188839,4.093835377716459e-05
1970,0.036664143204689026,0.03956072777509689,76.10165778718829,76.10165778718829,110,0.029753288254141808,0.0028556897304952145,4.08956766477786e-05
1980,0.03666185587644577,0.03955048695206642,75.6363539144075,75.6363539144075,110,0.020737504586577415,0.002847317373380065,4.131471723667346e-05
1990,0.03664276748895645,0.039540890604257584,75.83439216364503,75.83439216364503,110,0.009246096946299076,0.002857394050806761,4.0727387386141345e-05
2000,0.03662825748324394,0.03953610733151436,75.86614526934832,75.86614526934832,110,0.03271479904651642,0.0028672288171947002,4.0622762753628194e-05
2010,0.03662528097629547,0.03952532261610031,75.4584570256725,75.4584570256725,110,0.012545016594231129,0.0028590664733201265,4.09744716307614e-05
2020,0.03660737723112106,0.03951941803097725,75.66751405220211,75.66751405220211,110,0.027132583782076836,0.0028715950902551413,4.044509114464745e-05
2030,0.03660363703966141,0.03951036185026169,75.15685139247269,75.15685139247269,110,0.01304385345429182,0.0028658832889050245,4.084221291122958e-05
2040,0.036587923765182495,0.03950335085391998,75.35290222179651,75.35290222179651,110,0.015032644383609295,0.002875050064176321,4.037778126075864e-05
2050,0.03658071905374527,0.0394957959651947,75.02130935435773,75.02130935435773,110,0.0017119284020736814,0.0028745902236551046,4.048812479595654e-05
2060,0.03657027706503868,0.03948917239904404,74.99889386418343,74.99889386418343,110,0.0035953447222709656,0.0028785255271941423,4.036809696117416e-05
2070,0.03656052052974701,0.03948301076889038,74.87099524757267,74.87099524757267,110,0.010778221301734447,0.0028822559397667646,4.023298606625758e-05
2080,0.03655286505818367,0.03947644680738449,74.73357004763783,74.73357004763783,110,0.0021978910081088543,0.002883297624066472,4.028375042253174e-05
2090,0.036543697118759155,0.039470475167036057,74.58629897396654,74.58629897396654,110,0.006462730001658201,0.0028866035863757133,4.0172850276576355e-05
2100,0.03653567284345627,0.039464518427848816,74.48030107319177,74.48030107319177,110,0.003212027018889785,0.002888687653467059,4.015663580503315e-05
2110,0.03652720898389816,0.03945888951420784,74.3266898041892,74.3266898041892,110,0.0057791778817772865,0.002891577547416091,4.010293196188286e-05
2120,0.03651906177401543,0.03945333883166313,74.25170217019915,74.25170217019915,110,0.00571999978274107,0.002894208999350667,4.006942981504835e-05
2130,0.036512602120637894,0.03944789245724678,74.04796230645508,74.04796230645508,110,0.0016501633217558265,0.0028952036518603563,4.0087965317070484e-05
2140,0.03650694340467453,0.03944289684295654,73.87763716178478,73.87763716178478,110,0.008310306817293167,0.002895789220929146,4.016429738840088e-05
2150,0.036497462540864944,0.03943772614002228,73.83171147145093,73.83171147145093,110,0.0033801719546318054,0.0029002809897065163,3.998431202489883e-05
2160,0.036493152379989624,0.039433080703020096,73.62580173612892,73.62580173612892,110,0.009337685070931911,0.0028997978661209345,4.0130031266016886e-05
2170,0.036483895033597946,0.03942813351750374,73.56135720187784,73.56135720187784,110,0.001587697654031217,0.0029042474925518036,3.9991457015275955e-05
2180,0.03647739440202713,0.03942355886101723,73.48141730843068,73.48141730843068,110,0.0015659251948818564,0.0029062179382890463,3.994492726633325e-05
2190,0.03647187724709511,0.03941914066672325,73.31985635977328,73.31985635977328,110,0.0031938785687088966,0.0029072880279272795,3.9974020182853565e-05
2200,0.03646375238895416,0.039414845407009125,73.27566396024943,73.27566396024943,110,0.004069981165230274,0.0029111953917890787,3.989816104876809e-05
2210,0.03645873814821243,0.03941062092781067,73.17005702732652,73.17005702732652,110,0.001834948780015111,0.002911956515163183,3.992793426732533e-05
2220,0.03645322844386101,0.039406631141901016,73.03568137663633,73.03568137663633,110,0.004030019044876099,0.00291344802826643,3.9953280065674335e-05
2230,0.03644725680351257,0.03940265253186226,72.92849754004419,72.92849754004419,110,0.001976396655663848,0.0029154897201806307,3.990625555161387e-05
2240,0.0364406555891037,0.039398856461048126,72.88611010876984,72.88611010876984,110,0.0035747725050896406,0.002918350975960493,3.9850943721830845e-05
2250,0.03643687069416046,0.03939521685242653,72.76485142951012,72.76485142951012,110,0.0045648072846233845,0.002918421057984233,3.992546771769412e-05
2260,0.03643101081252098,0.03939158841967583,72.68058482516885,72.68058482516885,110,0.0021605181973427534,0.0029207004699856043,3.987875606981106e-05
2270,0.03642629459500313,0.039388176053762436,72.58208699101925,72.58208699101925,110,0.0028151615988463163,0.0029220092110335827,3.9871982153272256e-05
2280,0.036421049386262894,0.03938478231430054,72.50749684101194,72.50749684101194,110,0.002055537886917591,0.0029238841962069273,3.984887371188961e-05
2290,0.03641591593623161,0.039381541311740875,72.4437430166325,72.4437430166325,110,0.0016732304356992245,0.0029257903806865215,3.983408532803878e-05
2300,0.03641154244542122,0.03937838226556778,72.37391615828723,72.37391615828723,110,0.0015087069477885962,0.002927016466856003,3.982171620009467e-05
2310,0.03640710189938545,0.039375320076942444,72.30507975183338,72.30507975183338,110,0.0018503748578950763,0.0029284118209034204,3.980709516326897e-05
2320,0.03640266880393028,0.03937234729528427,72.24333289576023,72.24333289576023,110,0.0017784503288567066,0.0029298721347004175,3.98077281715814e-05
2330,0.036398258060216904,0.03936951607465744,72.20155798078716,72.20155798078716,110,0.0036581633612513542,0.002931484952569008,3.977352753281593e-05
2340,0.0363943912088871,0.039366718381643295,72.1153560855791,72.1153560855791,110,0.001531282439827919,0.0029325189534574747,3.9808401197660714e-05
2350,0.03639059141278267,0.03936401382088661,72.0575971015951,72.0575971015951,110,0.001471331575885415,0.0029336221050471067,3.97995718230959e-05
2360,0.03638690337538719,0.039361417293548584,72.01468186372071,72.01468186372071,110,0.0019647611770778894,0.0029346945229917765,3.982026464655064e-05
2370,0.036383405327796936,0.03935889154672623,71.97180572263152,71.97180572263152,110,0.0017378134652972221,0.0029356833547353745,3.980117253377102e-05
2380,0.03637917339801788,0.03935644030570984,71.93044132390291,71.93044132390291,110,0.002010694006457925,0.002937469631433487,3.979712346335873e-05
2390,0.03637627139687538,0.039354078471660614,71.87659201843769,71.87659201843769,110,0.0014559670817106962,0.0029380149208009243,3.979285975219682e-05
2400,0.036372873932123184,0.03935179486870766,71.841007427786,71.841007427786,110,0.0015643348451703787,0.0029391353018581867,3.9787348214304075e-05
2410,0.03636967018246651,0.03934958204627037,71.79267076903224,71.79267076903224,110,0.0016220561228692532,0.0029401208739727736,3.97917719965335e-05
2420,0.036366451531648636,0.039347440004348755,71.75062869269371,71.75062869269371,110,0.0014485408319160342,0.0029411923605948687,3.9795952034182847e-05
2430,0.03636345639824867,0.039345379918813705,71.72497468547971,71.72497468547971,110,0.0015160253969952464,0.0029421288054436445,3.9794678741600364e-05
2440,0.03636028990149498,0.03934338688850403,71.69586712890744,71.69586712890744,110,0.0020929675083607435,0.0029433099552989006,3.978739550802857e-05
2450,0.03635811060667038,0.03934145346283913,71.65335589114666,71.65335589114666,110,0.0014615512918680906,0.002943553728982806,3.978803215431981e-05
2460,0.03635531663894653,0.03933959826827049,71.62270401155949,71.62270401155949,110,0.001999086234718561,0.002944468054920435,3.9811915485188365e-05
2470,0.036352239549160004,0.039337802678346634,71.60146794107169,71.60146794107169,110,0.0018620926421135664,0.0029457665514200926,3.9797130739316344e-05
2480,0.036350447684526443,0.03933607414364815,71.58235612924575,71.58235612924575,110,0.001456614350900054,0.0029458331409841776,3.9793514588382095e-05
2490,0.03634762391448021,0.039334408938884735,71.54768379691511,71.54768379691511,110,0.0014367465628311038,0.002946979133412242,3.9805821870686486e-05
2500,0.03634537756443024,0.039332807064056396,71.53164108272642,71.53164108272642,110,0.0015060972655192018,0.002947630826383829,3.979942630394362e-05
2510,0.03634357079863548,0.03933129087090492,71.50120423545778,71.50120423545778,110,0.0017930598696693778,0.0029479118529707193,3.9807462599128485e-05
2520,0.03634089231491089,0.039329808205366135,71.48811332855075,71.48811332855075,110,0.0017555317608639598,0.002949115354567766,3.9800783270038664e-05
2530,0.03633908927440643,0.03932838514447212,71.46316957960099,71.46316957960099,110,0.001551303779706359,0.0029494864866137505,3.9810951420804486e-05
2540,0.03633705526590347,0.03932701423764229,71.44918596276551,71.44918596276551,110,0.0014979728730395436,0.0029501437675207853,3.9813756302464753e-05
2550,0.03633507713675499,0.03932570293545723,71.43200944180637,71.43200944180637,110,0.0014852565946057439,0.002950814552605152,3.980963447247632e-05
2560,0.03633321449160576,0.03932444378733635,71.41941376084506,71.41941376084506,110,0.0014625749317929149,0.002951409900560975,3.981897680205293e-05
2570,0.03633161634206772,0.03932323306798935,71.3972328513819,71.3972328513819,110,0.001529583241790533,0.0029518010560423136,3.981632107752375e-05
2580,0.03632982447743416,0.03932207450270653,71.38787568746031,71.38787568746031,110,0.0014192314120009542,0.00295243039727211,3.9821272366680205e-05
2590,0.03632827475667,0.03932097181677818,71.37604890994102,71.37604890994102,110,0.001406083581969142,0.002952879760414362,3.9818383811507374e-05
2600,0.03632683306932449,0.03931992128491402,71.3626256803599,71.3626256803599,110,0.0014249373925849795,0.002953270683065057,3.981708505307324e-05
2610,0.03632531315088272,0.039318908005952835,71.35479329106063,71.35479329106063,110,0.0013991267187520862,0.0029537726659327745,3.9821283280616626e-05
2620,0.0363239124417305,0.03931794688105583,71.3432336749068,71.3432336749068,110,0.0015956265851855278,0.002954214345663786,3.981930422014557e-05
2630,0.03632264584302902,0.03931703418493271,71.33499076936305,71.33499076936305,110,0.0014885769924148917,0.002954561496153474,3.9828377339290455e-05
2640,0.036321189254522324,0.03931616246700287,71.32509928271055,71.32509928271055,110,0.0014233033871278167,0.0029551428742706776,3.983100032201037e-05
2650,0.03632005304098129,0.03931533545255661,71.31759921608537,71.31759921608537,110,0.001622173236683011,0.0029554564971476793,3.9826350985094905e-05
2660,0.03631901741027832,0.03931455314159393,71.30898489108235,71.30898489108235,110,0.0014016644563525915,0.002955705625936389,3.98312731704209e-05
2670,0.03631775453686714,0.03931381180882454,71.30201263105721,71.30201263105721,110,0.0016590907471254468,0.0029562253039330244,3.9831516915000975e-05
2680,0.036316826939582825,0.03931310772895813,71.29364591902703,71.29364591902703,110,0.0014128824695944786,0.002956445561721921,3.983622809755616e-05
2690,0.03631587326526642,0.0393124483525753,71.28875882087857,71.28875882087857,110,0.0013943101512268186,0.002956734737381339,3.9839658711571246e-05
2700,0.03631500154733658,0.03931182622909546,71.28449075516224,71.28449075516224,110,0.0015877085970714688,0.0029569880571216345,3.983622809755616e-05
2710,0.036314163357019424,0.0393112376332283,71.27863926964581,71.27863926964581,110,0.0013884828658774495,0.002957233227789402,3.984197974205017e-05
2720,0.03631337359547615,0.03931068629026413,71.2727291389516,71.2727291389516,110,0.001398491207510233,0.00295747397467494,3.984031354775652e-05
2730,0.03631266579031944,0.03931017220020294,71.26939287994891,71.26939287994891,110,0.0014686442445963621,0.0029576621018350124,3.984550858149305e-05
2740,0.03631190210580826,0.03930969536304474,71.26369126544238,71.26369126544238,110,0.0014224171172827482,0.0029579459223896265,3.984674549428746e-05
2750,0.03631126880645752,0.039309244602918625,71.26106526470393,71.26106526470393,110,0.0014239161973819137,0.002958128694444895,3.984564318670891e-05
2760,0.03631070628762245,0.039308831095695496,71.25660823119253,71.25660823119253,110,0.001388829667121172,0.0029582802671939135,3.984559589298442e-05
2770,0.03631019964814186,0.03930845111608505,71.25456216610104,71.25456216610104,110,0.0014521066332235932,0.002958408324047923,3.984495924669318e-05
2780,0.03630967438220978,0.039308100938797,71.25082190698475,71.25082190698475,110,0.0013871018309146166,0.0029585789889097214,3.984704380854964e-05
2790,0.03630920872092247,0.03930777311325073,71.24897784195007,71.24897784195007,110,0.00138848798815161,0.0029587172903120518,3.9848568121669814e-05
2800,0.03630875051021576,0.039307478815317154,71.24629319603383,71.24629319603383,110,0.001426523900590837,0.002958877943456173,3.984944851254113e-05
2810,0.036308400332927704,0.039307210594415665,71.24394738892258,71.24394738892258,110,0.001383875380270183,0.002958959434181452,3.984964496339671e-05
2820,0.03630803897976875,0.039306968450546265,71.24257248531013,71.24257248531013,110,0.001385890762321651,0.0029590772464871407,3.985090006608516e-05
2830,0.03630772605538368,0.039306748658418655,71.2411259042582,71.2411259042582,110,0.001433265395462513,0.002959171310067177,3.9850729081081226e-05
2840,0.0363074392080307,0.03930655121803284,71.23928835535438,71.23928835535438,110,0.0013874431606382132,0.0029592590872198343,3.985238799941726e-05
2850,0.03630722314119339,0.03930637240409851,71.23790693561106,71.23790693561106,110,0.001386326621286571,0.002959299134090543,3.985119110438973e-05
2860,0.036306995898485184,0.039306215941905975,71.23663629009246,71.23663629009246,110,0.0014009881997480989,0.002959370845928788,3.98508163925726e-05
2870,0.03630679473280907,0.03930608183145523,71.23592603182823,71.23592603182823,110,0.0014024934498593211,0.0029594346415251493,3.9851580368122086e-05
2880,0.03630661219358444,0.03930597007274628,71.23492254767507,71.23492254767507,110,0.0013826140202581882,0.002959504723548889,3.985333751188591e-05
2890,0.0363064669072628,0.03930586948990822,71.23444035399109,71.23444035399109,110,0.0013869709800928831,0.002959547797217965,3.9853308408055454e-05
2900,0.036306340247392654,0.039305783808231354,71.23365841828733,71.23365841828733,110,0.0015042026061564684,0.0029595925007015467,3.985271177953109e-05
2910,0.03630625829100609,0.03930571675300598,71.23319577299596,71.23319577299596,110,0.0013823308981955051,0.0029596055392175913,3.9852893678471446e-05
2920,0.03630618751049042,0.0393056645989418,71.2327461599663,71.2327461599663,110,0.0013856918085366488,0.002959622535854578,3.9852682675700635e-05
2930,0.036306120455265045,0.03930561989545822,71.2324138372922,71.2324138372922,110,0.0013834903948009014,0.0029596479143947363,3.98529737140052e-05
2940,0.03630606830120087,0.03930558264255524,71.23220532110453,71.23220532110453,110,0.0013874317519366741,0.0029596625827252865,3.98530755774118e-05
2950,0.03630603477358818,0.039305560290813446,71.23210757914156,71.23210757914156,110,0.0014367151306942105,0.0029596732929348946,3.98529737140052e-05
2960,0.03630601614713669,0.03930554911494255,71.23198377265513,71.23198377265513,110,0.001465183449909091,0.0029596807435154915,3.98531774408184e-05
2970,0.036305997520685196,0.039305537939071655,71.23184693390698,71.23184693390698,110,0.0013821055181324482,0.002959686564281583,3.985313742305152e-05
2980,0.0363059900701046,0.03930553048849106,71.23179480486006,71.23179480486006,110,0.0013998551294207573,0.0029596879612654448,3.985304283560254e-05
2990,0.036305982619524,0.03930552676320076,71.23179480486006,71.23179480486006,110,0.0014739136677235365,0.0029596909880638123,3.98530246457085e-05
3000,0.0363059863448143,0.03930553048849106,71.23178177259832,71.23178177259832,110,0.0013904566876590252,0.0029596895910799503,3.9852995541878045e-05
