date,tmax_f,tmin_f,year,dap,tmax_c,tmin_c,temperature_c,daily_gdd_f,daily_gdd_c,station_gdd_f,station_gdd_c,thermal_integral_c
2018-05-14,70,50,2018,0,21.11111111,10,15.55555556,10,5.555555556,0,0,0
2018-05-15,73,51,2018,1,22.77777778,10.55555556,16.66666667,12,6.666666667,12,6.666666667,6.111111111
2018-05-16,75,55,2018,2,23.88888889,12.77777778,18.33333333,15,8.333333333,27,15,13.61111111
2018-05-17,86,56,2018,3,30,13.33333333,21.66666667,21,11.66666667,48,26.66666667,23.61111111
2018-05-18,83,55,2018,4,28.33333333,12.77777778,20.55555556,19,10.55555556,67,37.22222222,34.72222222
2018-05-19,83,55,2018,5,28.33333333,12.77777778,20.55555556,19,10.55555556,86,47.77777778,45.27777778
2018-05-20,61,42,2018,6,16.11111111,5.555555556,10.83333333,5.5,3.055555556,91.5,50.83333333,52.08333333
2018-05-21,71,45,2018,7,21.66666667,7.222222222,14.44444444,10.5,5.833333333,102,56.66666667,56.52777778
2018-05-22,69,54,2018,8,20.55555556,12.22222222,16.38888889,11.5,6.388888889,113.5,63.05555556,62.63888889
2018-05-23,74,59,2018,9,23.33333333,15,19.16666667,16.5,9.166666667,130,72.22222222,70.41666667
2018-05-24,82,65,2018,10,27.77777778,18.33333333,23.05555556,23.5,13.05555556,153.5,85.27777778,81.52777778
2018-05-25,90,62,2018,11,32.22222222,16.66666667,24.44444444,24,13.33333333,177.5,98.61111111,94.72222222
2018-05-26,88,67,2018,12,31.11111111,19.44444444,25.27777778,26.5,14.72222222,204,113.3333333,108.75
2018-05-27,92,66,2018,13,33.33333333,18.88888889,26.11111111,26,14.44444444,230,127.7777778,123.3333333
2018-05-28,90,75,2018,14,32.22222222,23.88888889,28.05555556,30.5,16.94444444,260.5,144.7222222,139.0277778
2018-05-29,100,71,2018,15,37.77777778,21.66666667,29.72222222,28.5,15.83333333,289,160.5555556,155.4166667
2018-05-30,93,68,2018,16,33.88888889,20,26.94444444,27,15,316,175.5555556,170.8333333
2018-05-31,74,64,2018,17,23.33333333,17.77777778,20.55555556,19,10.55555556,335,186.1111111,183.6111111
2018-06-01,85,66,2018,18,29.44444444,18.88888889,24.16666667,25.5,14.16666667,360.5,200.2777778,195.9722222
2018-06-02,81,62,2018,19,27.22222222,16.66666667,21.94444444,21.5,11.94444444,382,212.2222222,209.0277778
2018-06-03,70,59,2018,20,21.11111111,15,18.05555556,14.5,8.055555556,396.5,220.2777778,219.0277778
2018-06-04,69,52,2018,21,20.55555556,11.11111111,15.83333333,10.5,5.833333333,407,226.1111111,225.9722222
2018-06-05,86,60,2018,22,30,15.55555556,22.77777778,23,12.77777778,430,238.8888889,235.2777778
2018-06-06,80,61,2018,23,26.66666667,16.11111111,21.38888889,20.5,11.38888889,450.5,250.2777778,247.3611111
2018-06-07,78,59,2018,24,25.55555556,15,20.27777778,18.5,10.27777778,469,260.5555556,258.1944444
2018-06-08,78,62,2018,25,25.55555556,16.66666667,21.11111111,20,11.11111111,489,271.6666667,268.8888889
2018-06-09,74,63,2018,26,23.33333333,17.22222222,20.27777778,18.5,10.27777778,507.5,281.9444444,279.5833333
2018-06-10,72,64,2018,27,22.22222222,17.77777778,20,18,10,525.5,291.9444444,289.7222222
2018-06-11,77,64,2018,28,25,17.77777778,21.38888889,20.5,11.38888889,546,303.3333333,300.4166667
2018-06-12,73,66,2018,29,22.77777778,18.88888889,20.83333333,19.5,10.83333333,565.5,314.1666667,311.5277778
2018-06-13,81,58,2018,30,27.22222222,14.44444444,20.83333333,19.5,10.83333333,585,325,322.3611111
2018-06-14,80,64,2018,31,26.66666667,17.77777778,22.22222222,22,12.22222222,607,337.2222222,333.8888889
2018-06-15,81,68,2018,32,27.22222222,20,23.61111111,24.5,13.61111111,631.5,350.8333333,346.8055556
2018-06-16,94,71,2018,33,34.44444444,21.66666667,28.05555556,28.5,15.83333333,660,366.6666667,361.5277778
2018-06-17,87,71,2018,34,30.55555556,21.66666667,26.11111111,28.5,15.83333333,688.5,382.5,377.3611111
2018-06-18,90,70,2018,35,32.22222222,21.11111111,26.66666667,28,15.55555556,716.5,398.0555556,393.0555556
2018-06-19,79,66,2018,36,26.11111111,18.88888889,22.5,22.5,12.5,739,410.5555556,407.0833333
2018-06-20,72,65,2018,37,22.22222222,18.33333333,20.27777778,18.5,10.27777778,757.5,420.8333333,418.4722222
2018-06-21,80,68,2018,38,26.66666667,20,23.33333333,24,13.33333333,781.5,434.1666667,430.2777778
2018-06-22,79,64,2018,39,26.11111111,17.77777778,21.94444444,21.5,11.94444444,803,446.1111111,442.9166667
2018-06-23,83,64,2018,40,28.33333333,17.77777778,23.05555556,23.5,13.05555556,826.5,459.1666667,455.4166667
2018-06-24,84,66,2018,41,28.88888889,18.88888889,23.88888889,25,13.88888889,851.5,473.0555556,468.8888889
2018-06-25,82,68,2018,42,27.77777778,20,23.88888889,25,13.88888889,876.5,486.9444444,482.7777778
2018-06-26,84,66,2018,43,28.88888889,18.88888889,23.88888889,25,13.88888889,901.5,500.8333333,496.6666667
2018-06-27,72,67,2018,44,22.22222222,19.44444444,20.83333333,19.5,10.83333333,921,511.6666667,509.0277778
2018-06-28,82,68,2018,45,27.77777778,20,23.88888889,25,13.88888889,946,525.5555556,521.3888889
2018-06-29,88,76,2018,46,31.11111111,24.44444444,27.77777778,31,17.22222222,977,542.7777778,536.9444444
2018-06-30,99,80,2018,47,37.22222222,26.66666667,31.94444444,33,18.33333333,1010,561.1111111,554.7222222
2018-07-01,89,73,2018,48,31.66666667,22.77777778,27.22222222,29.5,16.38888889,1039.5,577.5,572.0833333
2018-07-02,77,65,2018,49,25,18.33333333,21.66666667,21,11.66666667,1060.5,589.1666667,586.1111111
2018-07-03,90,75,2018,50,32.22222222,23.88888889,28.05555556,30.5,16.94444444,1091,606.1111111,600.4166667
2018-07-04,89,75,2018,51,31.66666667,23.88888889,27.77777778,30.5,16.94444444,1121.5,623.0555556,617.3611111
2018-07-05,85,75,2018,52,29.44444444,23.88888889,26.66666667,30,16.66666667,1151.5,639.7222222,634.1666667
2018-07-06,84,68,2018,53,28.88888889,20,24.44444444,26,14.44444444,1177.5,654.1666667,649.7222222
2018-07-07,85,72,2018,54,29.44444444,22.22222222,25.83333333,28.5,15.83333333,1206,670,664.8611111
2018-07-08,88,74,2018,55,31.11111111,23.33333333,27.22222222,30,16.66666667,1236,686.6666667,681.1111111
2018-07-09,92,76,2018,56,33.33333333,24.44444444,28.88888889,31,17.22222222,1267,703.8888889,698.0555556
2018-07-10,91,70,2018,57,32.77777778,21.11111111,26.94444444,28,15.55555556,1295,719.4444444,714.4444444
2018-07-11,88,73,2018,58,31.11111111,22.77777778,26.94444444,29.5,16.38888889,1324.5,735.8333333,730.4166667
2018-07-12,91,77,2018,59,32.77777778,25,28.88888889,31.5,17.5,1356,753.3333333,747.3611111
2018-07-13,95,75,2018,60,35,23.88888889,29.44444444,30.5,16.94444444,1386.5,770.2777778,764.5833333
2018-07-14,84,71,2018,61,28.88888889,21.66666667,25.27777778,27.5,15.27777778,1414,785.5555556,780.6944444
2018-07-15,89,72,2018,62,31.66666667,22.22222222,26.94444444,29,16.11111111,1443,801.6666667,796.3888889
2018-07-16,89,66,2018,63,31.66666667,18.88888889,25.27777778,26,14.44444444,1469,816.1111111,811.6666667
2018-07-17,86,66,2018,64,30,18.88888889,24.44444444,26,14.44444444,1495,830.5555556,826.1111111
2018-07-18,82,64,2018,65,27.77777778,17.77777778,22.77777778,23,12.77777778,1518,843.3333333,839.7222222
2018-07-19,84,71,2018,66,28.88888889,21.66666667,25.27777778,27.5,15.27777778,1545.5,858.6111111,853.75
2018-07-20,75,67,2018,67,23.88888889,19.44444444,21.66666667,21,11.66666667,1566.5,870.2777778,867.2222222
2018-07-21,82,65,2018,68,27.77777778,18.33333333,23.05555556,23.5,13.05555556,1590,883.3333333,879.5833333
2018-07-22,83,66,2018,69,28.33333333,18.88888889,23.61111111,24.5,13.61111111,1614.5,896.9444444,892.9166667
2018-07-23,83,65,2018,70,28.33333333,18.33333333,23.33333333,24,13.33333333,1638.5,910.2777778,906.3888889
2018-07-24,85,63,2018,71,29.44444444,17.22222222,23.33333333,24,13.33333333,1662.5,923.6111111,919.7222222
2018-07-25,85,67,2018,72,29.44444444,19.44444444,24.44444444,26,14.44444444,1688.5,938.0555556,933.6111111
2018-07-26,83,62,2018,73,28.33333333,16.66666667,22.5,22.5,12.5,1711,950.5555556,947.0833333
2018-07-27,72,60,2018,74,22.22222222,15.55555556,18.88888889,16,8.888888889,1727,959.4444444,957.7777778
2018-07-28,79,57,2018,75,26.11111111,13.88888889,20,18,10,1745,969.4444444,967.2222222
2018-07-29,82,60,2018,76,27.77777778,15.55555556,21.66666667,21,11.66666667,1766,981.1111111,978.0555556
2018-07-30,84,61,2018,77,28.88888889,16.11111111,22.5,22.5,12.5,1788.5,993.6111111,990.1388889
2018-07-31,85,62,2018,78,29.44444444,16.66666667,23.05555556,23.5,13.05555556,1812,1006.666667,1002.916667
2018-08-01,87,68,2018,79,30.55555556,20,25.27777778,27,15,1839,1021.666667,1016.944444
2018-08-02,80,58,2018,80,26.66666667,14.44444444,20.55555556,19,10.55555556,1858,1032.222222,1029.722222
2018-08-03,74,59,2018,81,23.33333333,15,19.16666667,16.5,9.166666667,1874.5,1041.388889,1039.583333
2018-08-04,84,66,2018,82,28.88888889,18.88888889,23.88888889,25,13.88888889,1899.5,1055.277778,1051.111111
2018-08-05,79,73,2018,83,26.11111111,22.77777778,24.44444444,26,14.44444444,1925.5,1069.722222,1065.277778
2018-08-06,87,69,2018,84,30.55555556,20.55555556,25.55555556,27.5,15.27777778,1953,1085,1080.138889
2018-08-07,84,67,2018,85,28.88888889,19.44444444,24.16666667,25.5,14.16666667,1978.5,1099.166667,1094.861111
2018-08-08,82,67,2018,86,27.77777778,19.44444444,23.61111111,24.5,13.61111111,2003,1112.777778,1108.75
2018-08-09,89,71,2018,87,31.66666667,21.66666667,26.66666667,28.5,15.83333333,2031.5,1128.611111,1123.472222
2018-08-10,88,62,2018,88,31.11111111,16.66666667,23.88888889,24,13.33333333,2055.5,1141.944444,1138.055556
2018-08-11,87,69,2018,89,30.55555556,20.55555556,25.55555556,27.5,15.27777778,2083,1157.222222,1152.361111
2018-08-12,89,66,2018,90,31.66666667,18.88888889,25.27777778,26,14.44444444,2109,1171.666667,1167.222222
2018-08-13,89,73,2018,91,31.66666667,22.77777778,27.22222222,29.5,16.38888889,2138.5,1188.055556,1182.638889
2018-08-14,91,75,2018,92,32.77777778,23.88888889,28.33333333,30.5,16.94444444,2169,1205,1199.305556
2018-08-15,91,68,2018,93,32.77777778,20,26.38888889,27,15,2196,1220,1215.277778
2018-08-16,85,66,2018,94,29.44444444,18.88888889,24.16666667,25.5,14.16666667,2221.5,1234.166667,1229.861111
2018-08-17,86,68,2018,95,30,20,25,27,15,2248.5,1249.166667,1244.444444
2019-05-30,73,52,2019,0,22.77777778,11.11111111,16.94444444,12.5,6.944444444,0,0,0
2019-05-31,81,60,2019,1,27.22222222,15.55555556,21.38888889,20.5,11.38888889,20.5,11.38888889,9.166666667
2019-06-01,86,52,2019,2,30,11.11111111,20.55555556,19,10.55555556,39.5,21.94444444,20.13888889
2019-06-02,72,48,2019,3,22.22222222,8.888888889,15.55555556,11,6.111111111,50.5,28.05555556,28.47222222
2019-06-03,73,51,2019,4,22.77777778,10.55555556,16.66666667,12,6.666666667,62.5,34.72222222,34.86111111
2019-06-04,81,56,2019,5,27.22222222,13.33333333,20.27777778,18.5,10.27777778,81,45,43.33333333
2019-06-05,84,61,2019,6,28.88888889,16.11111111,22.5,22.5,12.5,103.5,57.5,54.72222222
2019-06-06,81,55,2019,7,27.22222222,12.77777778,20,18,10,121.5,67.5,65.97222222
2019-06-07,85,65,2019,8,29.44444444,18.33333333,23.88888889,25,13.88888889,146.5,81.38888889,77.91666667
2019-06-08,87,65,2019,9,30.55555556,18.33333333,24.44444444,25.5,14.16666667,172,95.55555556,91.94444444
2019-06-09,84,65,2019,10,28.88888889,18.33333333,23.61111111,24.5,13.61111111,196.5,109.1666667,105.8333333
2019-06-10,70,50,2019,11,21.11111111,10,15.55555556,10,5.555555556,206.5,114.7222222,115.4166667
2019-06-11,76,53,2019,12,24.44444444,11.66666667,18.05555556,14.5,8.055555556,221,122.7777778,122.2222222
2019-06-12,65,53,2019,13,18.33333333,11.66666667,15,9,5,230,127.7777778,128.75
2019-06-13,68,43,2019,14,20,6.111111111,13.05555556,9,5,239,132.7777778,133.75
2019-06-14,70,55,2019,15,21.11111111,12.77777778,16.94444444,12.5,6.944444444,251.5,139.7222222,139.7222222
2019-06-15,82,60,2019,16,27.77777778,15.55555556,21.66666667,21,11.66666667,272.5,151.3888889,149.0277778
2019-06-16,73,57,2019,17,22.77777778,13.88888889,18.33333333,15,8.333333333,287.5,159.7222222,159.0277778
2019-06-17,72,57,2019,18,22.22222222,13.88888889,18.05555556,14.5,8.055555556,302,167.7777778,167.2222222
2019-06-18,73,53,2019,19,22.77777778,11.66666667,17.22222222,13,7.222222222,315,175,174.8611111
2019-06-19,71,54,2019,20,21.66666667,12.22222222,16.94444444,12.5,6.944444444,327.5,181.9444444,181.9444444
2019-06-20,76,61,2019,21,24.44444444,16.11111111,20.27777778,18.5,10.27777778,346,192.2222222,190.5555556
2019-06-21,75,61,2019,22,23.88888889,16.11111111,20,18,10,364,202.2222222,200.6944444
2019-06-22,73,57,2019,23,22.77777778,13.88888889,18.33333333,15,8.333333333,379,210.5555556,209.8611111
2019-06-23,76,63,2019,24,24.44444444,17.22222222,20.83333333,19.5,10.83333333,398.5,221.3888889,219.4444444
2019-06-24,73,60,2019,25,22.77777778,15.55555556,19.16666667,16.5,9.166666667,415,230.5555556,229.4444444
2019-06-25,70,57,2019,26,21.11111111,13.88888889,17.5,13.5,7.5,428.5,238.0555556,237.7777778
2019-06-26,78,60,2019,27,25.55555556,15.55555556,20.55555556,19,10.55555556,447.5,248.6111111,246.8055556
2019-06-27,83,65,2019,28,28.33333333,18.33333333,23.33333333,24,13.33333333,471.5,261.9444444,258.75
2019-06-28,75,64,2019,29,23.88888889,17.77777778,20.83333333,19.5,10.83333333,491,272.7777778,270.8333333
2019-06-29,83,63,2019,30,28.33333333,17.22222222,22.77777778,23,12.77777778,514,285.5555556,282.6388889
2019-06-30,87,67,2019,31,30.55555556,19.44444444,25,26.5,14.72222222,540.5,300.2777778,296.3888889
2019-07-01,79,65,2019,32,26.11111111,18.33333333,22.22222222,22,12.22222222,562.5,312.5,309.8611111
2019-07-02,74,67,2019,33,23.33333333,19.44444444,21.38888889,20.5,11.38888889,583,323.8888889,321.6666667
2019-07-03,84,63,2019,34,28.88888889,17.22222222,23.05555556,23.5,13.05555556,606.5,336.9444444,333.8888889
2019-07-04,84,68,2019,35,28.88888889,20,24.44444444,26,14.44444444,632.5,351.3888889,347.6388889
2019-07-05,81,64,2019,36,27.22222222,17.77777778,22.5,22.5,12.5,655,363.8888889,361.1111111
2019-07-06,79,66,2019,37,26.11111111,18.88888889,22.5,22.5,12.5,677.5,376.3888889,373.6111111
2019-07-07,80,60,2019,38,26.66666667,15.55555556,21.11111111,20,11.11111111,697.5,387.5,385.4166667
2019-07-08,83,66,2019,39,28.33333333,18.88888889,23.61111111,24.5,13.61111111,722,401.1111111,397.7777778
2019-07-09,83,68,2019,40,28.33333333,20,24.16666667,25.5,14.16666667,747.5,415.2777778,411.6666667
2019-07-10,77,67,2019,41,25,19.44444444,22.22222222,22,12.22222222,769.5,427.5,424.8611111
2019-07-11,75,61,2019,42,23.88888889,16.11111111,20,18,10,787.5,437.5,435.9722222
2019-07-12,81,66,2019,43,27.22222222,18.88888889,23.05555556,23.5,13.05555556,811,450.5555556,447.5
2019-07-13,84,66,2019,44,28.88888889,18.88888889,23.88888889,25,13.88888889,836,464.4444444,460.9722222
2019-07-14,84,69,2019,45,28.88888889,20.55555556,24.72222222,26.5,14.72222222,862.5,479.1666667,475.2777778
2019-07-15,89,70,2019,46,31.66666667,21.11111111,26.38888889,28,15.55555556,890.5,494.7222222,490.4166667
2019-07-16,90,66,2019,47,32.22222222,18.88888889,25.55555556,26,14.44444444,916.5,509.1666667,505.4166667
2019-07-17,84,67,2019,48,28.88888889,19.44444444,24.16666667,25.5,14.16666667,942,523.3333333,519.7222222
2019-07-18,84,69,2019,49,28.88888889,20.55555556,24.72222222,26.5,14.72222222,968.5,538.0555556,534.1666667
2019-07-19,86,67,2019,50,30,19.44444444,24.72222222,26.5,14.72222222,995,552.7777778,548.8888889
2019-07-20,93,68,2019,51,33.88888889,20,26.94444444,27,15,1022,567.7777778,563.75
2019-07-21,73,58,2019,52,22.77777778,14.44444444,18.61111111,15.5,8.611111111,1037.5,576.3888889,575.5555556
2019-07-22,78,57,2019,53,25.55555556,13.88888889,19.72222222,17.5,9.722222222,1055,586.1111111,584.7222222
2019-07-23,77,59,2019,54,25,15,20,18,10,1073,596.1111111,594.5833333
2019-07-24,80,59,2019,55,26.66666667,15,20.83333333,19.5,10.83333333,1092.5,606.9444444,605
2019-07-25,83,62,2019,56,28.33333333,16.66666667,22.5,22.5,12.5,1115,619.4444444,616.6666667
2019-07-26,81,66,2019,57,27.22222222,18.88888889,23.05555556,23.5,13.05555556,1138.5,632.5,629.4444444
2019-07-27,84,63,2019,58,28.88888889,17.22222222,23.05555556,23.5,13.05555556,1162,645.5555556,642.5
2019-07-28,83,62,2019,59,28.33333333,16.66666667,22.5,22.5,12.5,1184.5,658.0555556,655.2777778
2019-07-29,74,61,2019,60,23.33333333,16.11111111,19.72222222,17.5,9.722222222,1202,667.7777778,666.3888889
2019-07-30,75,55,2019,61,23.88888889,12.77777778,18.33333333,15,8.333333333,1217,676.1111111,675.4166667
2019-07-31,73,54,2019,62,22.77777778,12.22222222,17.5,13.5,7.5,1230.5,683.6111111,683.3333333
2019-08-01,79,59,2019,63,26.11111111,15,20.55555556,19,10.55555556,1249.5,694.1666667,692.3611111
2019-08-02,84,66,2019,64,28.88888889,18.88888889,23.88888889,25,13.88888889,1274.5,708.0555556,704.5833333
2019-08-03,84,69,2019,65,28.88888889,20.55555556,24.72222222,26.5,14.72222222,1301,722.7777778,718.8888889
2019-08-04,85,65,2019,66,29.44444444,18.33333333,23.88888889,25,13.88888889,1326,736.6666667,733.1944444
2019-08-05,85,68,2019,67,29.44444444,20,24.72222222,26.5,14.72222222,1352.5,751.3888889,747.5
2019-08-06,83,62,2019,68,28.33333333,16.66666667,22.5,22.5,12.5,1375,763.8888889,761.1111111
2019-08-07,82,66,2019,69,27.77777778,18.88888889,23.33333333,24,13.33333333,1399,777.2222222,774.0277778
2019-08-08,83,55,2019,70,28.33333333,12.77777778,20.55555556,19,10.55555556,1418,787.7777778,785.9722222
2019-08-09,75,54,2019,71,23.88888889,12.22222222,18.05555556,14.5,8.055555556,1432.5,795.8333333,795.2777778
2019-08-10,77,62,2019,72,25,16.66666667,20.83333333,19.5,10.83333333,1452,806.6666667,804.7222222
2019-08-11,70,63,2019,73,21.11111111,17.22222222,19.16666667,16.5,9.166666667,1468.5,815.8333333,814.7222222
2019-08-12,79,62,2019,74,26.11111111,16.66666667,21.38888889,20.5,11.38888889,1489,827.2222222,825
2019-08-13,77,59,2019,75,25,15,20,18,10,1507,837.2222222,835.6944444
2019-08-14,80,60,2019,76,26.66666667,15.55555556,21.11111111,20,11.11111111,1527,848.3333333,846.25
2019-08-15,74,58,2019,77,23.33333333,14.44444444,18.88888889,16,8.888888889,1543,857.2222222,856.25
2019-08-16,78,62,2019,78,25.55555556,16.66666667,21.11111111,20,11.11111111,1563,868.3333333,866.25
2019-08-17,77,58,2019,79,25,14.44444444,19.72222222,17.5,9.722222222,1580.5,878.0555556,876.6666667
2019-08-18,81,62,2019,80,27.22222222,16.66666667,21.94444444,21.5,11.94444444,1602,890,887.5
2019-08-19,72,51,2019,81,22.22222222,10.55555556,16.38888889,11.5,6.388888889,1613.5,896.3888889,896.6666667
2019-08-20,79,60,2019,82,26.11111111,15.55555556,20.83333333,19.5,10.83333333,1633,907.2222222,905.2777778
2019-08-21,80,55,2019,83,26.66666667,12.77777778,19.72222222,17.5,9.722222222,1650.5,916.9444444,915.5555556
2019-08-22,74,54,2019,84,23.33333333,12.22222222,17.77777778,14,7.777777778,1664.5,924.7222222,924.3055556
2019-08-23,71,53,2019,85,21.66666667,11.66666667,16.66666667,12,6.666666667,1676.5,931.3888889,931.5277778
2019-08-24,75,58,2019,86,23.88888889,14.44444444,19.16666667,16.5,9.166666667,1693,940.5555556,939.4444444
2019-08-25,73,60,2019,87,22.77777778,15.55555556,19.16666667,16.5,9.166666667,1709.5,949.7222222,948.6111111
2019-08-26,74,61,2019,88,23.33333333,16.11111111,19.72222222,17.5,9.722222222,1727,959.4444444,958.0555556
2019-08-27,70,56,2019,89,21.11111111,13.33333333,17.22222222,13,7.222222222,1740,966.6666667,966.5277778
2019-08-28,70,54,2019,90,21.11111111,12.22222222,16.66666667,12,6.666666667,1752,973.3333333,973.4722222
2019-08-29,70,55,2019,91,21.11111111,12.77777778,16.94444444,12.5,6.944444444,1764.5,980.2777778,980.2777778
2019-08-30,72,50,2019,92,22.22222222,10,16.11111111,11,6.111111111,1775.5,986.3888889,986.8055556
2019-08-31,72,54,2019,93,22.22222222,12.22222222,17.22222222,13,7.222222222,1788.5,993.6111111,993.4722222
2019-09-01,71,57,2019,94,21.66666667,13.88888889,17.77777778,14,7.777777778,1802.5,1001.388889,1000.972222
2019-09-02,73,58,2019,95,22.77777778,14.44444444,18.61111111,15.5,8.611111111,1818,1010,1009.166667
2020-05-07,66,42,2020,0,18.88888889,5.555555556,12.22222222,8,4.444444444,0,0,0
2020-05-08,58,33,2020,1,14.44444444,0.5555555556,7.5,0,0,0,0,2.222222222
2020-05-09,48,30,2020,2,8.888888889,-1.111111111,3.888888889,0,0,0,0,2.222222222
2020-05-10,58,37,2020,3,14.44444444,2.777777778,8.611111111,0,0,0,0,2.222222222
2020-05-11,46,37,2020,4,7.777777778,2.777777778,5.277777778,0,0,0,0,2.222222222
2020-05-12,54,31,2020,5,12.22222222,-0.5555555556,5.833333333,0,0,0,0,2.222222222
2020-05-13,57,40,2020,6,13.88888889,4.444444444,9.166666667,0,0,0,0,2.222222222
2020-05-14,61,49,2020,7,16.11111111,9.444444444,12.77777778,5.5,3.055555556,5.5,3.055555556,3.75
2020-05-15,72,45,2020,8,22.22222222,7.222222222,14.72222222,11,6.111111111,16.5,9.166666667,8.333333333
2020-05-16,69,49,2020,9,20.55555556,9.444444444,15,9.5,5.277777778,26,14.44444444,14.02777778
2020-05-17,62,47,2020,10,16.66666667,8.333333333,12.5,6,3.333333333,32,17.77777778,18.33333333
2020-05-18,52,48,2020,11,11.11111111,8.888888889,10,0,0,32,17.77777778,20
2020-05-19,64,50,2020,12,17.77777778,10,13.88888889,7,3.888888889,39,21.66666667,21.94444444
2020-05-20,69,52,2020,13,20.55555556,11.11111111,15.83333333,10.5,5.833333333,49.5,27.5,26.80555556
2020-05-21,70,52,2020,14,21.11111111,11.11111111,16.11111111,11,6.111111111,60.5,33.61111111,32.77777778
2020-05-22,76,57,2020,15,24.44444444,13.88888889,19.16666667,16.5,9.166666667,77,42.77777778,40.41666667
2020-05-23,65,56,2020,16,18.33333333,13.33333333,15.83333333,10.5,5.833333333,87.5,48.61111111,47.91666667
2020-05-24,65,58,2020,17,18.33333333,14.44444444,16.38888889,11.5,6.388888889,99,55,54.02777778
2020-05-25,71,56,2020,18,21.66666667,13.33333333,17.5,13.5,7.5,112.5,62.5,60.97222222
2020-05-26,77,60,2020,19,25,15.55555556,20.27777778,18.5,10.27777778,131,72.77777778,69.86111111
2020-05-27,77,64,2020,20,25,17.77777778,21.38888889,20.5,11.38888889,151.5,84.16666667,80.69444444
2020-05-28,80,63,2020,21,26.66666667,17.22222222,21.94444444,21.5,11.94444444,173,96.11111111,92.36111111
2020-05-29,77,60,2020,22,25,15.55555556,20.27777778,18.5,10.27777778,191.5,106.3888889,103.4722222
2020-05-30,77,54,2020,23,25,12.22222222,18.61111111,15.5,8.611111111,207,115,112.9166667
2020-05-31,64,48,2020,24,17.77777778,8.888888889,13.33333333,7,3.888888889,214,118.8888889,119.1666667
2020-06-01,76,55,2020,25,24.44444444,12.77777778,18.61111111,15.5,8.611111111,229.5,127.5,125.4166667
2020-06-02,89,63,2020,26,31.66666667,17.22222222,24.44444444,24.5,13.61111111,254,141.1111111,136.5277778
2020-06-03,89,62,2020,27,31.66666667,16.66666667,24.16666667,24,13.33333333,278,154.4444444,150
2020-06-04,80,59,2020,28,26.66666667,15,20.83333333,19.5,10.83333333,297.5,165.2777778,162.0833333
2020-06-05,83,57,2020,29,28.33333333,13.88888889,21.11111111,20,11.11111111,317.5,176.3888889,173.0555556
2020-06-06,79,54,2020,30,26.11111111,12.22222222,19.16666667,16.5,9.166666667,334,185.5555556,183.1944444
2020-06-07,75,60,2020,31,23.88888889,15.55555556,19.72222222,17.5,9.722222222,351.5,195.2777778,192.6388889
2020-06-08,84,64,2020,32,28.88888889,17.77777778,23.33333333,24,13.33333333,375.5,208.6111111,204.1666667
2020-06-09,94,68,2020,33,34.44444444,20,27.22222222,27,15,402.5,223.6111111,218.3333333
2020-06-10,82,56,2020,34,27.77777778,13.33333333,20.55555556,19,10.55555556,421.5,234.1666667,231.1111111
2020-06-11,69,55,2020,35,20.55555556,12.77777778,16.66666667,12,6.666666667,433.5,240.8333333,239.7222222
2020-06-12,76,55,2020,36,24.44444444,12.77777778,18.61111111,15.5,8.611111111,449,249.4444444,247.3611111
2020-06-13,74,49,2020,37,23.33333333,9.444444444,16.38888889,12,6.666666667,461,256.1111111,255
2020-06-14,70,52,2020,38,21.11111111,11.11111111,16.11111111,11,6.111111111,472,262.2222222,261.3888889
2020-06-15,76,56,2020,39,24.44444444,13.33333333,18.88888889,16,8.888888889,488,271.1111111,268.8888889
2020-06-16,87,63,2020,40,30.55555556,17.22222222,23.88888889,24.5,13.61111111,512.5,284.7222222,280.1388889
2020-06-17,89,64,2020,41,31.66666667,17.77777778,24.72222222,25,13.88888889,537.5,298.6111111,293.8888889
2020-06-18,88,69,2020,42,31.11111111,20.55555556,25.83333333,27.5,15.27777778,565,313.8888889,308.4722222
2020-06-19,83,62,2020,43,28.33333333,16.66666667,22.5,22.5,12.5,587.5,326.3888889,322.3611111
2020-06-20,74,60,2020,44,23.33333333,15.55555556,19.44444444,17,9.444444444,604.5,335.8333333,333.3333333
2020-06-21,72,58,2020,45,22.22222222,14.44444444,18.33333333,15,8.333333333,619.5,344.1666667,342.2222222
2020-06-22,83,59,2020,46,28.33333333,15,21.66666667,21,11.66666667,640.5,355.8333333,352.2222222
2020-06-23,72,56,2020,47,22.22222222,13.33333333,17.77777778,14,7.777777778,654.5,363.6111111,361.9444444
2020-06-24,74,54,2020,48,23.33333333,12.22222222,17.77777778,14,7.777777778,668.5,371.3888889,369.7222222
2020-06-25,77,56,2020,49,25,13.33333333,19.16666667,16.5,9.166666667,685,380.5555556,378.1944444
2020-06-26,84,67,2020,50,28.88888889,19.44444444,24.16666667,25.5,14.16666667,710.5,394.7222222,389.8611111
2020-06-27,85,61,2020,51,29.44444444,16.11111111,22.77777778,23,12.77777778,733.5,407.5,403.3333333
2020-06-28,85,64,2020,52,29.44444444,17.77777778,23.61111111,24.5,13.61111111,758,421.1111111,416.5277778
2020-06-29,85,65,2020,53,29.44444444,18.33333333,23.88888889,25,13.88888889,783,435,430.2777778
2020-06-30,81,66,2020,54,27.22222222,18.88888889,23.05555556,23.5,13.05555556,806.5,448.0555556,443.75
2020-07-01,86,71,2020,55,30,21.66666667,25.83333333,28.5,15.83333333,835,463.8888889,458.1944444
2020-07-02,87,71,2020,56,30.55555556,21.66666667,26.11111111,28.5,15.83333333,863.5,479.7222222,474.0277778
2020-07-03,89,67,2020,57,31.66666667,19.44444444,25.55555556,26.5,14.72222222,890,494.4444444,489.3055556
2020-07-04,89,68,2020,58,31.66666667,20,25.83333333,27,15,917,509.4444444,504.1666667
2020-07-05,89,69,2020,59,31.66666667,20.55555556,26.11111111,27.5,15.27777778,944.5,524.7222222,519.3055556
2020-07-06,89,72,2020,60,31.66666667,22.22222222,26.94444444,29,16.11111111,973.5,540.8333333,535
2020-07-07,85,66,2020,61,29.44444444,18.88888889,24.16666667,25.5,14.16666667,999,555,550.1388889
2020-07-08,86,70,2020,62,30,21.11111111,25.55555556,28,15.55555556,1027,570.5555556,565
2020-07-09,91,70,2020,63,32.77777778,21.11111111,26.94444444,28,15.55555556,1055,586.1111111,580.5555556
2020-07-10,78,64,2020,64,25.55555556,17.77777778,21.66666667,21,11.66666667,1076,597.7777778,594.1666667
2020-07-11,82,66,2020,65,27.77777778,18.88888889,23.33333333,24,13.33333333,1100,611.1111111,606.6666667
2020-07-12,82,62,2020,66,27.77777778,16.66666667,22.22222222,22,12.22222222,1122,623.3333333,619.4444444
2020-07-13,81,64,2020,67,27.22222222,17.77777778,22.5,22.5,12.5,1144.5,635.8333333,631.8055556
2020-07-14,84,70,2020,68,28.88888889,21.11111111,25,27,15,1171.5,650.8333333,645.5555556
2020-07-15,73,55,2020,69,22.77777778,12.77777778,17.77777778,14,7.777777778,1185.5,658.6111111,656.9444444
2020-07-16,80,57,2020,70,26.66666667,13.88888889,20.27777778,18.5,10.27777778,1204,668.8888889,665.9722222
2020-07-17,83,66,2020,71,28.33333333,18.88888889,23.61111111,24.5,13.61111111,1228.5,682.5,677.9166667
2020-07-18,89,67,2020,72,31.66666667,19.44444444,25.55555556,26.5,14.72222222,1255,697.2222222,692.0833333
2020-07-19,89,66,2020,73,31.66666667,18.88888889,25.27777778,26,14.44444444,1281,711.6666667,706.6666667
2020-07-20,80,60,2020,74,26.66666667,15.55555556,21.11111111,20,11.11111111,1301,722.7777778,719.4444444
2020-07-21,80,63,2020,75,26.66666667,17.22222222,21.94444444,21.5,11.94444444,1322.5,734.7222222,730.9722222
2020-07-22,79,56,2020,76,26.11111111,13.33333333,19.72222222,17.5,9.722222222,1340,744.4444444,741.8055556
2020-07-23,67,54,2020,77,19.44444444,12.22222222,15.83333333,10.5,5.833333333,1350.5,750.2777778,749.5833333
2020-07-24,79,62,2020,78,26.11111111,16.66666667,21.38888889,20.5,11.38888889,1371,761.6666667,758.1944444
2020-07-25,91,71,2020,79,32.77777778,21.66666667,27.22222222,28.5,15.83333333,1399.5,777.5,771.8055556
2020-07-26,87,68,2020,80,30.55555556,20,25.27777778,27,15,1426.5,792.5,787.2222222
2020-07-27,84,61,2020,81,28.88888889,16.11111111,22.5,22.5,12.5,1449,805,800.9722222
2020-07-28,81,65,2020,82,27.22222222,18.33333333,22.77777778,23,12.77777778,1472,817.7777778,813.6111111
2020-07-29,82,59,2020,83,27.77777778,15,21.38888889,20.5,11.38888889,1492.5,829.1666667,825.6944444
2020-07-30,82,58,2020,84,27.77777778,14.44444444,21.11111111,20,11.11111111,1512.5,840.2777778,836.9444444
2020-07-31,80,56,2020,85,26.66666667,13.33333333,20,18,10,1530.5,850.2777778,847.5
2020-08-01,83,60,2020,86,28.33333333,15.55555556,21.94444444,21.5,11.94444444,1552,862.2222222,858.4722222
2020-08-02,80,60,2020,87,26.66666667,15.55555556,21.11111111,20,11.11111111,1572,873.3333333,870
2020-08-03,71,52,2020,88,21.66666667,11.11111111,16.38888889,11.5,6.388888889,1583.5,879.7222222,878.75
2020-08-04,72,49,2020,89,22.22222222,9.444444444,15.83333333,11,6.111111111,1594.5,885.8333333,885
2020-08-05,77,55,2020,90,25,12.77777778,18.88888889,16,8.888888889,1610.5,894.7222222,892.5
2020-08-06,76,58,2020,91,24.44444444,14.44444444,19.44444444,17,9.444444444,1627.5,904.1666667,901.6666667
2020-08-07,78,64,2020,92,25.55555556,17.77777778,21.66666667,21,11.66666667,1648.5,915.8333333,912.2222222
2020-08-08,80,67,2020,93,26.66666667,19.44444444,23.05555556,23.5,13.05555556,1672,928.8888889,924.5833333
2020-08-09,81,65,2020,94,27.22222222,18.33333333,22.77777778,23,12.77777778,1695,941.6666667,937.5
2020-08-10,85,64,2020,95,29.44444444,17.77777778,23.61111111,24.5,13.61111111,1719.5,955.2777778,950.6944444
2021-05-06,53,37,2021,0,11.66666667,2.777777778,7.222222222,0,0,0,0,0
2021-05-07,60,36,2021,1,15.55555556,2.222222222,8.888888889,0,0,0,0,0
2021-05-08,55,36,2021,2,12.77777778,2.222222222,7.5,0,0,0,0,0
2021-05-09,56,36,2021,3,13.33333333,2.222222222,7.777777778,0,0,0,0,0
2021-05-10,61,39,2021,4,16.11111111,3.888888889,10,0,0,0,0,0
2021-05-11,53,33,2021,5,11.66666667,0.5555555556,6.111111111,0,0,0,0,0
2021-05-12,60,39,2021,6,15.55555556,3.888888889,9.722222222,0,0,0,0,0
2021-05-13,68,44,2021,7,20,6.666666667,13.33333333,9,5,9,5,2.5
2021-05-14,70,52,2021,8,21.11111111,11.11111111,16.11111111,11,6.111111111,20,11.11111111,8.055555556
2021-05-15,65,50,2021,9,18.33333333,10,14.16666667,7.5,4.166666667,27.5,15.27777778,13.19444444
2021-05-16,73,49,2021,10,22.77777778,9.444444444,16.11111111,11.5,6.388888889,39,21.66666667,18.47222222
2021-05-17,72,47,2021,11,22.22222222,8.333333333,15.27777778,11,6.111111111,50,27.77777778,24.72222222
2021-05-18,77,57,2021,12,25,13.88888889,19.44444444,17,9.444444444,67,37.22222222,32.5
2021-05-19,73,60,2021,13,22.77777778,15.55555556,19.16666667,16.5,9.166666667,83.5,46.38888889,41.80555556
2021-05-20,75,64,2021,14,23.88888889,17.77777778,20.83333333,19.5,10.83333333,103,57.22222222,51.80555556
2021-05-21,73,62,2021,15,22.77777778,16.66666667,19.72222222,17.5,9.722222222,120.5,66.94444444,62.08333333
2021-05-22,78,64,2021,16,25.55555556,17.77777778,21.66666667,21,11.66666667,141.5,78.61111111,72.77777778
2021-05-23,82,67,2021,17,27.77777778,19.44444444,23.61111111,24.5,13.61111111,166,92.22222222,85.41666667
2021-05-24,75,62,2021,18,23.88888889,16.66666667,20.27777778,18.5,10.27777778,184.5,102.5,97.36111111
2021-05-25,85,62,2021,19,29.44444444,16.66666667,23.05555556,23.5,13.05555556,208,115.5555556,109.0277778
2021-05-26,83,51,2021,20,28.33333333,10.55555556,19.44444444,17,9.444444444,225,125,120.2777778
2021-05-27,63,44,2021,21,17.22222222,6.666666667,11.94444444,6.5,3.611111111,231.5,128.6111111,126.8055556
2021-05-28,46,36,2021,22,7.777777778,2.222222222,5,0,0,231.5,128.6111111,128.6111111
2021-05-29,59,37,2021,23,15,2.777777778,8.888888889,0,0,231.5,128.6111111,128.6111111
2021-05-30,64,49,2021,24,17.77777778,9.444444444,13.61111111,7,3.888888889,238.5,132.5,130.5555556
2021-05-31,60,52,2021,25,15.55555556,11.11111111,13.33333333,6,3.333333333,244.5,135.8333333,134.1666667
2021-06-01,76,51,2021,26,24.44444444,10.55555556,17.5,13.5,7.5,258,143.3333333,139.5833333
2021-06-02,78,57,2021,27,25.55555556,13.88888889,19.72222222,17.5,9.722222222,275.5,153.0555556,148.1944444
2021-06-03,82,60,2021,28,27.77777778,15.55555556,21.66666667,21,11.66666667,296.5,164.7222222,158.8888889
2021-06-04,88,70,2021,29,31.11111111,21.11111111,26.11111111,28,15.55555556,324.5,180.2777778,172.5
2021-06-05,95,73,2021,30,35,22.77777778,28.88888889,29.5,16.38888889,354,196.6666667,188.4722222
2021-06-06,97,74,2021,31,36.11111111,23.33333333,29.72222222,30,16.66666667,384,213.3333333,205
2021-06-07,91,73,2021,32,32.77777778,22.77777778,27.77777778,29.5,16.38888889,413.5,229.7222222,221.5277778
2021-06-08,93,72,2021,33,33.88888889,22.22222222,28.05555556,29,16.11111111,442.5,245.8333333,237.7777778
2021-06-09,94,70,2021,34,34.44444444,21.11111111,27.77777778,28,15.55555556,470.5,261.3888889,253.6111111
2021-06-10,93,74,2021,35,33.88888889,23.33333333,28.61111111,30,16.66666667,500.5,278.0555556,269.7222222
2021-06-11,96,75,2021,36,35.55555556,23.88888889,29.72222222,30.5,16.94444444,531,295,286.5277778
2021-06-12,88,64,2021,37,31.11111111,17.77777778,24.44444444,25,13.88888889,556,308.8888889,301.9444444
2021-06-13,83,57,2021,38,28.33333333,13.88888889,21.11111111,20,11.11111111,576,320,314.4444444
2021-06-14,93,58,2021,39,33.88888889,14.44444444,24.16666667,22,12.22222222,598,332.2222222,326.1111111
2021-06-15,84,58,2021,40,28.88888889,14.44444444,21.66666667,21,11.66666667,619,343.8888889,338.0555556
2021-06-16,80,58,2021,41,26.66666667,14.44444444,20.55555556,19,10.55555556,638,354.4444444,349.1666667
2021-06-17,86,68,2021,42,30,20,25,27,15,665,369.4444444,361.9444444
2021-06-18,86,61,2021,43,30,16.11111111,23.05555556,23.5,13.05555556,688.5,382.5,375.9722222
2021-06-19,87,60,2021,44,30.55555556,15.55555556,23.05555556,23,12.77777778,711.5,395.2777778,388.8888889
2021-06-20,77,62,2021,45,25,16.66666667,20.83333333,19.5,10.83333333,731,406.1111111,400.6944444
2021-06-21,72,50,2021,46,22.22222222,10,16.11111111,11,6.111111111,742,412.2222222,409.1666667
2021-06-22,65,46,2021,47,18.33333333,7.777777778,13.05555556,7.5,4.166666667,749.5,416.3888889,414.3055556
2021-06-23,75,57,2021,48,23.88888889,13.88888889,18.88888889,16,8.888888889,765.5,425.2777778,420.8333333
2021-06-24,85,60,2021,49,29.44444444,15.55555556,22.5,22.5,12.5,788,437.7777778,431.5277778
2021-06-25,85,61,2021,50,29.44444444,16.11111111,22.77777778,23,12.77777778,811,450.5555556,444.1666667
2021-06-26,84,65,2021,51,28.88888889,18.33333333,23.61111111,24.5,13.61111111,835.5,464.1666667,457.3611111
2021-06-27,73,63,2021,52,22.77777778,17.22222222,20,18,10,853.5,474.1666667,469.1666667
2021-06-28,81,60,2021,53,27.22222222,15.55555556,21.38888889,20.5,11.38888889,874,485.5555556,479.8611111
2021-06-29,83,64,2021,54,28.33333333,17.77777778,23.05555556,23.5,13.05555556,897.5,498.6111111,492.0833333
2021-06-30,81,62,2021,55,27.22222222,16.66666667,21.94444444,21.5,11.94444444,919,510.5555556,504.5833333
2021-07-01,85,65,2021,56,29.44444444,18.33333333,23.88888889,25,13.88888889,944,524.4444444,517.5
2021-07-02,87,56,2021,57,30.55555556,13.33333333,21.94444444,21,11.66666667,965,536.1111111,530.2777778
2021-07-03,84,64,2021,58,28.88888889,17.77777778,23.33333333,24,13.33333333,989,549.4444444,542.7777778
2021-07-04,86,69,2021,59,30,20.55555556,25.27777778,27.5,15.27777778,1016.5,564.7222222,557.0833333
2021-07-05,92,73,2021,60,33.33333333,22.77777778,28.05555556,29.5,16.38888889,1046,581.1111111,572.9166667
2021-07-06,94,71,2021,61,34.44444444,21.66666667,28.05555556,28.5,15.83333333,1074.5,596.9444444,589.0277778
2021-07-07,75,53,2021,62,23.88888889,11.66666667,17.77777778,14,7.777777778,1088.5,604.7222222,600.8333333
2021-07-08,64,51,2021,63,17.77777778,10.55555556,14.16666667,7.5,4.166666667,1096,608.8888889,606.8055556
2021-07-09,71,57,2021,64,21.66666667,13.88888889,17.77777778,14,7.777777778,1110,616.6666667,612.7777778
2021-07-10,78,60,2021,65,25.55555556,15.55555556,20.55555556,19,10.55555556,1129,627.2222222,621.9444444
2021-07-11,80,60,2021,66,26.66666667,15.55555556,21.11111111,20,11.11111111,1149,638.3333333,632.7777778
2021-07-12,84,57,2021,67,28.88888889,13.88888889,21.38888889,20.5,11.38888889,1169.5,649.7222222,644.0277778
2021-07-13,81,60,2021,68,27.22222222,15.55555556,21.38888889,20.5,11.38888889,1190,661.1111111,655.4166667
2021-07-14,87,65,2021,69,30.55555556,18.33333333,24.44444444,25.5,14.16666667,1215.5,675.2777778,668.1944444
2021-07-15,74,58,2021,70,23.33333333,14.44444444,18.88888889,16,8.888888889,1231.5,684.1666667,679.7222222
2021-07-16,81,58,2021,71,27.22222222,14.44444444,20.83333333,19.5,10.83333333,1251,695,689.5833333
2021-07-17,83,60,2021,72,28.33333333,15.55555556,21.94444444,21.5,11.94444444,1272.5,706.9444444,700.9722222
2021-07-18,85,61,2021,73,29.44444444,16.11111111,22.77777778,23,12.77777778,1295.5,719.7222222,713.3333333
2021-07-19,86,66,2021,74,30,18.88888889,24.44444444,26,14.44444444,1321.5,734.1666667,726.9444444
2021-07-20,87,65,2021,75,30.55555556,18.33333333,24.44444444,25.5,14.16666667,1347,748.3333333,741.25
2021-07-21,86,62,2021,76,30,16.66666667,23.33333333,24,13.33333333,1371,761.6666667,755
2021-07-22,82,64,2021,77,27.77777778,17.77777778,22.77777778,23,12.77777778,1394,774.4444444,768.0555556
2021-07-23,84,71,2021,78,28.88888889,21.66666667,25.27777778,27.5,15.27777778,1421.5,789.7222222,782.0833333
2021-07-24,93,71,2021,79,33.88888889,21.66666667,27.77777778,28.5,15.83333333,1450,805.5555556,797.6388889
2021-07-25,89,61,2021,80,31.66666667,16.11111111,23.88888889,23.5,13.05555556,1473.5,818.6111111,812.0833333
2021-07-26,90,67,2021,81,32.22222222,19.44444444,25.83333333,26.5,14.72222222,1500,833.3333333,825.9722222
2021-07-27,89,73,2021,82,31.66666667,22.77777778,27.22222222,29.5,16.38888889,1529.5,849.7222222,841.5277778
2021-07-28,91,72,2021,83,32.77777778,22.22222222,27.5,29,16.11111111,1558.5,865.8333333,857.7777778
2021-07-29,91,70,2021,84,32.77777778,21.11111111,26.94444444,28,15.55555556,1586.5,881.3888889,873.6111111
2021-07-30,81,61,2021,85,27.22222222,16.11111111,21.66666667,21,11.66666667,1607.5,893.0555556,887.2222222
2021-07-31,79,58,2021,86,26.11111111,14.44444444,20.27777778,18.5,10.27777778,1626,903.3333333,898.1944444
2021-08-01,86,60,2021,87,30,15.55555556,22.77777778,23,12.77777778,1649,916.1111111,909.7222222
2021-08-02,78,58,2021,88,25.55555556,14.44444444,20,18,10,1667,926.1111111,921.1111111
2021-08-03,82,60,2021,89,27.77777778,15.55555556,21.66666667,21,11.66666667,1688,937.7777778,931.9444444
2021-08-04,84,64,2021,90,28.88888889,17.77777778,23.33333333,24,13.33333333,1712,951.1111111,944.4444444
2021-08-05,83,66,2021,91,28.33333333,18.88888889,23.61111111,24.5,13.61111111,1736.5,964.7222222,957.9166667
2021-08-06,81,65,2021,92,27.22222222,18.33333333,22.77777778,23,12.77777778,1759.5,977.5,971.1111111
2021-08-07,85,65,2021,93,29.44444444,18.33333333,23.88888889,25,13.88888889,1784.5,991.3888889,984.4444444
2021-08-08,71,65,2021,94,21.66666667,18.33333333,20,18,10,1802.5,1001.388889,996.3888889
2021-08-09,79,68,2021,95,26.11111111,20,23.05555556,23.5,13.05555556,1826,1014.444444,1007.916667
